Valor real,Valor estimado,Error - Desviacion relativa,Error relativo,Error absoluto,Error minimo,Error maximo,Error cuadratico
2841,4991.315364079717,75.68867877788516,-323.1339859521856,343.8485224291549,0.003222530032296555,27674.618767919535,1716.9495757373072
4850,3886.9757735562102,19.856169617397725,,,,,
4850,2827.8441339987567,41.69393538146893,,,,,
2849,4991.315364079719,75.19534447454261,,,,,
865,3886.9757735562102,349.3613611047642,,,,,
2867,2827.8441339987567,1.3657434949858158,,,,,
880,2687.748793610507,205.42599927392126,,,,,
2897,3245.8024826188016,12.040127118356976,,,,,
2897,2687.748793610507,7.223030941991468,,,,,
4884,3245.8024826188016,33.54212771050775,,,,,
2876,3803.2309528625638,32.240297387432676,,,,,
2876,5069.03396713481,76.25291958048714,,,,,
2876,2760.564605051352,4.0137480858361645,,,,,
4901,3744.968665502122,23.58766240558821,,,,,
6902,3758.4425831695708,45.54560151884134,,,,,
4907,4991.315364079719,1.7182670487002054,,,,,
4907,6121.15899952411,24.74340736751804,,,,,
2906,3930.9068216136416,35.26864492820515,,,,,
4888,3768.8341954628536,22.89619076385324,,,,,
6882,2832.8889592083406,58.83625458866114,,,,,
4879,4940.230152455488,1.254973405523422,,,,,
4879,4940.230152455488,1.254973405523422,,,,,
2877,3828.136809582821,33.06002118814116,,,,,
2877,3796.7950468794597,31.9706307570198,,,,,
2877,2832.8889592083406,1.5332304759005713,,,,,
910,3796.7950468794597,317.2302249318088,,,,,
910,3796.7950468794597,317.2302249318088,,,,,
910,2687.748793610507,195.35701028686893,,,,,
910,2298.63783225134,152.59756398366375,,,,,
910,2298.63783225134,152.59756398366375,,,,,
910,2456.463729884982,169.9410692181299,,,,,
2917,2395.890365723798,17.86457436668502,,,,,
4916,2298.63783225134,53.241703981868596,,,,,
4916,3245.8024826188016,33.974725740056925,,,,,
4916,4991.315364079719,1.5320456484889966,,,,,
4916,4240.406085883932,13.74275659308519,,,,,
4916,3935.0010277086644,19.955227263859552,,,,,
6907,4240.406085883932,38.607121964906156,,,,,
8896,3935.0010277086644,55.766625138166994,,,,,
8896,6121.15899952411,31.19200764923437,,,,,
8896,7615.973476846858,14.388787355588379,,,,,
8896,7618.192385354018,14.363844589096017,,,,,
8896,7452.734512294063,16.223757730507383,,,,,
8896,7618.192385354018,14.363844589096017,,,,,
8896,7452.734512294063,16.223757730507383,,,,,
6911,7501.294846545671,8.54138108154639,,,,,
4934,7452.734512294063,51.04853085314275,,,,,
4934,6040.604719564877,22.42814591740732,,,,,
4934,3828.136809582821,22.413116952111448,,,,,
4934,3796.7950468794597,23.048337112293073,,,,,
4934,3768.8341954628536,23.615034546760164,,,,,
2948,3796.7950468794597,28.792233611921976,,,,,
2948,3935.0010277086644,33.48036050572132,,,,,
952,2998.649197624029,214.98415941428877,,,,,
952,3803.2309528625638,299.4990496704374,,,,,
952,2687.748793610507,182.32655395068355,,,,,
952,2298.63783225134,141.45355380791386,,,,,
952,2298.63783225134,141.45355380791386,,,,,
2947,2256.2036286230464,23.440664111874913,,,,,
2947,2298.63783225134,22.000752214070577,,,,,
2947,3332.9542521503445,13.096513476428385,,,,,
955,3857.6074206860735,303.93794981006005,,,,,
2951,3875.1556625709327,31.316694766890297,,,,,
960,2999.2798625511587,212.42498568241234,,,,,
960,3252.8991478213393,238.84366123138952,,,,,
2951,2999.2798625511587,1.636050916677691,,,,,
960,2361.3848868038554,145.9775923754016,,,,,
960,3252.8991478213393,238.84366123138952,,,,,
960,2999.2798625511587,212.42498568241234,,,,,
960,2361.3848868038554,145.9775923754016,,,,,
960,2367.106922585098,146.57363776928102,,,,,
960,2256.2036286230464,135.02121131490065,,,,,
2933,2298.63783225134,21.628440768791677,,,,,
942,2298.63783225134,144.01675501606584,,,,,
942,3245.8024826188016,244.5650193862847,,,,,
942,2687.748793610507,185.3236511263808,,,,,
942,2298.63783225134,144.01675501606584,,,,,
942,2298.63783225134,144.01675501606584,,,,,
942,2256.2036286230464,139.51206248652298,,,,,
942,2298.63783225134,144.01675501606584,,,,,
942,2298.63783225134,144.01675501606584,,,,,
942,2364.1012322598535,150.96616053713944,,,,,
2922,2364.1012322598535,19.093044754967366,,,,,
898,2361.3848868038554,162.96045510065204,,,,,
898,3252.8991478213393,262.238212452265,,,,,
898,2999.2798625511587,233.99553035090852,,,,,
898,2367.106922585098,163.59765284912,,,,,
898,2256.2036286230464,151.247620113925,,,,,
898,2456.463729884982,173.54829954175747,,,,,
2895,2298.63783225134,20.599729455912257,,,,,
2895,2456.463729884982,15.148057689637925,,,,,
2895,3330.9184215969017,15.05763114324358,,,,,
2895,3796.7950468794597,31.150087975110875,,,,,
2895,3803.2309528625638,31.372399062610146,,,,,
2895,3758.4425831695708,29.82530511811989,,,,,
4895,3803.2309528625638,22.30375990066264,,,,,
2867,3758.4425831695708,31.09321880605409,,,,,
2867,4940.230152455488,72.31357350734174,,,,,
873,2832.8889592083406,224.5004535175648,,,,,
2873,3796.7950468794597,32.15436988790323,,,,,
2873,2832.8889592083406,1.3961378625708123,,,,,
2873,3330.9184215969017,15.938685053842732,,,,,
2873,3796.7950468794597,32.15436988790323,,,,,
2873,3803.2309528625638,32.378383322748476,,,,,
890,3758.4425831695708,322.2969194572551,,,,,
2884,3796.7950468794597,31.65031369207558,,,,,
912,2687.748793610507,194.70929754501176,,,,,
912,3245.8024826188016,255.8993950239914,,,,,
912,2687.748793610507,194.70929754501176,,,,,
912,2298.63783225134,152.04362195738378,,,,,
912,2298.63783225134,152.04362195738378,,,,,
912,2456.463729884982,169.34909318914276,,,,,
2917,2298.63783225134,21.198565915278024,,,,,
916,2456.463729884982,168.17289627565307,,,,,
916,3330.9184215969017,263.63738227040415,,,,,
2907,2832.8889592083406,2.54939940803782,,,,,
935,2395.890365723798,156.24495890094096,,,,,
935,3245.8024826188016,247.1446505474654,,,,,
935,2687.748793610507,187.45976402251415,,,,,
935,2298.63783225134,145.8436184226032,,,,,
2919,2298.63783225134,21.252557990704346,,,,,
2919,2298.63783225134,21.252557990704346,,,,,
2919,3332.9542521503445,14.181372118888127,,,,,
940,3857.6074206860735,310.38376815809295,,,,,
940,3810.205818582872,305.34104453009274,,,,,
940,2760.564605051352,193.67708564376085,,,,,
940,2364.1012322598535,151.50013109147378,,,,,
940,2364.1012322598535,151.50013109147378,,,,,
2924,2367.106922585098,19.04559088286259,,,,,
2924,2364.1012322598535,19.14838466963565,,,,,
929,3252.8991478213393,250.15060794632285,,,,,
929,3875.1556625709327,317.13193353831355,,,,,
929,2999.2798625511587,222.85036195383842,,,,,
2927,2367.106922585098,19.12856431209095,,,,,
2927,2256.2036286230464,22.91753916559459,,,,,
2927,3245.8024826188016,10.891782802145597,,,,,
2927,3803.2309528625638,29.93614461436842,,,,,
2927,3744.968665502122,27.94563257608889,,,,,
2927,3803.2309528625638,29.93614461436842,,,,,
2927,3857.6074206860735,31.793898896005246,,,,,
2927,3875.1556625709327,32.39342885449035,,,,,
946,3875.1556625709327,309.6359051343481,,,,,
2943,3810.205818582872,29.466728460172337,,,,,
2943,2760.564605051352,6.198960073008769,,,,,
2943,3332.9542521503445,13.250229430864577,,,,,
933,3744.968665502122,301.38999630247827,,,,,
2943,3758.4425831695708,27.707868949017016,,,,,
2943,2687.748793610507,8.673163655776175,,,,,
939,3245.8024826188016,245.6658660935891,,,,,
939,3803.2309528625638,305.02992043264794,,,,,
939,2687.748793610507,186.23522828652898,,,,,
939,2298.63783225134,144.79636126212355,,,,,
939,2298.63783225134,144.79636126212355,,,,,
2908,2364.1012322598535,18.7035339663049,,,,,
4915,2256.2036286230464,54.09555180827983,,,,,
2924,3245.8024826188016,11.005556861108126,,,,,
4932,4991.315364079719,1.202663505265999,,,,,
4932,2827.8441339987567,42.6633387267081,,,,,
2939,4991.315364079719,69.83039687239602,,,,,
2939,4240.406085883932,44.28057454521715,,,,,
2939,2998.649197624029,2.029574604424262,,,,,
945,3803.2309528625638,302.4583018902184,,,,,
945,3803.2309528625638,302.4583018902184,,,,,
945,2687.748793610507,184.41786175772563,,,,,
945,2456.463729884982,159.94325183968064,,,,,
945,2395.890365723798,153.53337203426435,,,,,
945,2395.890365723798,153.53337203426435,,,,,
945,2395.890365723798,153.53337203426435,,,,,
945,2395.890365723798,153.53337203426435,,,,,
945,2456.463729884982,159.94325183968064,,,,,
945,2395.890365723798,153.53337203426435,,,,,
2925,2395.890365723798,18.089218265853063,,,,,
922,2456.463729884982,166.42773643004142,,,,,
2925,3330.9184215969017,13.87755287510775,,,,,
2925,2832.8889592083406,3.149095411680664,,,,,
929,3330.9184215969017,258.54880749159327,,,,,
929,3796.7950468794597,308.69699105268677,,,,,
2912,2687.748793610507,7.700934285353463,,,,,
2912,2298.63783225134,21.06326125510508,,,,,
2912,3245.8024826188016,11.462997342678626,,,,,
2912,3803.2309528625638,30.605458546104526,,,,,
4910,3803.2309528625638,22.54112112296204,,,,,
4910,3803.2309528625638,22.54112112296204,,,,,
2898,5069.03396713481,74.91490569823361,,,,,
928,3857.6074206860735,315.69045481530964,,,,,
2933,2999.2798625511587,2.259797563967223,,,,,
4916,2999.2798625511587,38.98942509049718,,,,,
2954,3252.8991478213393,10.11845456402638,,,,,
2954,5650.318388101775,91.27685809416977,,,,,
4935,2999.2798625511587,39.22431889460671,,,,,
6942,3875.1556625709327,44.17810915340057,,,,,
8940,5650.318388101775,36.7973334664231,,,,,
6947,5650.318388101775,18.665346363872537,,,,,
6947,7448.721513931201,7.222132056012684,,,,,
6947,6054.032009971905,12.854008781173102,,,,,
6947,6029.468149343258,13.207598253299867,,,,,
8945,6140.831943031528,31.349000077903543,,,,,
6950,6108.083239028216,12.113910229809845,,,,,
8976,7602.4331880361515,15.30266056109457,,,,,
6980,6144.413556849382,11.971152480667877,,,,,
6980,7602.4331880361515,8.917380917423372,,,,,
6980,6144.413556849382,11.971152480667877,,,,,
4984,6138.53801018087,23.164887844720496,,,,,
4984,6108.083239028216,22.553837059153604,,,,,
2982,3762.1533899725678,26.162085512158544,,,,,
981,3886.9757735562102,296.22586886403775,,,,,
2982,2827.8441339987567,5.169546143569528,,,,,
2982,2687.748793610507,9.867579020439063,,,,,
4956,3245.8024826188016,34.50761738057301,,,,,
4956,3803.2309528625638,23.26006955483124,,,,,
2957,4991.315364079719,68.79659668852618,,,,,
4938,3886.9757735562102,21.28441122810429,,,,,
4938,2827.8441339987567,42.73300660188828,,,,,
4938,4991.315364079719,1.0796955058671338,,,,,
2919,3886.9757735562102,33.161211838170956,,,,,
2919,3886.9757735562102,33.161211838170956,,,,,
2919,2760.564605051352,5.427728501152726,,,,,
2919,3857.6074206860735,32.155101770677405,,,,,
4911,3744.968665502122,23.74325665847848,,,,,
6914,3803.2309528625638,44.9923206123436,,,,,
6914,5069.03396713481,26.684495702418136,,,,,
6914,5069.03396713481,26.684495702418136,,,,,
6914,6108.083239028216,11.65630258854186,,,,,
6914,6138.53801018087,11.215822820641169,,,,,
8900,6138.53801018087,31.027662806956517,,,,,
8900,6108.083239028216,31.36985124687398,,,,,
8900,7602.4331880361515,14.579402381616275,,,,,
8900,7618.192385354018,14.402332748831254,,,,,
8900,7618.192385354018,14.402332748831254,,,,,
8900,7618.192385354018,14.402332748831254,,,,,
8900,7452.734512294063,16.26140997422401,,,,,
6918,7618.192385354018,10.121312306360485,,,,,
6918,7618.192385354018,10.121312306360485,,,,,
4924,6144.413556849382,24.78500318540581,,,,,
4924,6138.53801018087,24.665678517076962,,,,,
4924,3762.1533899725678,23.595585093977096,,,,,
2920,3886.9757735562102,33.11560868343186,,,,,
2920,3886.9757735562102,33.11560868343186,,,,,
4936,2827.8441339987567,42.70980279581125,,,,,
4936,3803.2309528625638,22.949129804243036,,,,,
4936,5069.03396713481,2.69517761618335,,,,,
2928,3857.6074206860735,31.74888731851344,,,,,
2928,3857.6074206860735,31.74888731851344,,,,,
4937,2760.564605051352,44.08416842107855,,,,,
4937,3857.6074206860735,21.863329538463166,,,,,
4937,5650.318388101775,14.448417826651305,,,,,
4937,3810.205818582872,22.823459214444565,,,,,
6928,3857.6074206860735,44.31859958594005,,,,,
6928,3875.1556625709327,44.065305101458826,,,,,
6928,5650.318388101775,18.442286545875074,,,,,
4941,6140.831943031528,24.28318038922339,,,,,
4941,6123.315897742503,23.92867633561026,,,,,
2930,3857.811271272551,31.665913695308912,,,,,
2930,3744.968665502122,27.814630221915422,,,,,
2930,2827.8441339987567,3.486548327687486,,,,,
2930,3803.2309528625638,29.80310419326156,,,,,
2930,3744.968665502122,27.814630221915422,,,,,
2930,3758.4425831695708,28.27449089315941,,,,,
4912,3803.2309528625638,22.57265975442663,,,,,
4912,3803.2309528625638,22.57265975442663,,,,,
6913,5069.03396713481,26.67389024830305,,,,,
8892,3744.968665502122,57.88384316799233,,,,,
6905,5690.653569095798,17.58647981034326,,,,,
4895,7602.4331880361515,55.310177487970414,,,,,
2914,6144.413556849382,110.85839247938853,,,,,
2914,3762.1533899725678,29.106156141817703,,,,,
2914,2827.8441339987567,2.9566185999053993,,,,,
927,3803.2309528625638,310.27302619876633,,,,,
927,3803.2309528625638,310.27302619876633,,,,,
927,2687.748793610507,189.94053868506012,,,,,
927,2298.63783225134,147.9652461975556,,,,,
927,2298.63783225134,147.9652461975556,,,,,
927,2364.1012322598535,155.02710164615465,,,,,
2915,2361.3848868038554,18.99194213365848,,,,,
2915,2367.106922585098,18.79564588044261,,,,,
924,3332.9542521503445,260.7093346483057,,,,,
2909,3857.6074206860735,32.60939912980658,,,,,
2909,2999.2798625511587,3.1034672585479086,,,,,
934,3252.8991478213393,248.276140023698,,,,,
934,3810.205818582872,307.94494845641026,,,,,
934,2760.564605051352,195.56366221106552,,,,,
934,2364.1012322598535,153.115763625252,,,,,
2920,2256.2036286230464,22.73275244441622,,,,,
2920,2298.63783225134,21.279526292762323,,,,,
2920,3332.9542521503445,14.142268909258373,,,,,
4906,3857.6074206860735,21.36960006754844,,,,,
4906,3810.205818582872,22.335796604507298,,,,,
4906,5069.03396713481,3.3231546501184295,,,,,
6912,3857.6074206860735,44.18970745535194,,,,,
6912,3857.6074206860735,44.18970745535194,,,,,
6912,5650.318388101775,18.253495542509043,,,,,
6912,6029.468149343258,12.768111265288512,,,,,
4911,6029.468149343258,22.774753600962292,,,,,
4911,6140.831943031528,25.042393464295003,,,,,
2931,3857.811271272551,31.62099185508533,,,,,
971,3857.6074206860735,297.28191768136696,,,,,
2974,2999.2798625511587,0.8500290030651869,,,,,
978,2999.2798625511587,206.67483257169312,,,,,
2962,3252.8991478213393,9.821038076345014,,,,,
4958,2999.2798625511587,39.50625529344174,,,,,
6948,3252.8991478213393,53.182222973210436,,,,,
6948,5650.318388101775,18.677052560423505,,,,,
8946,5650.318388101775,36.839722914131734,,,,,
8946,6029.468149343258,32.601518563120294,,,,,
8946,7448.721513931201,16.736848715278324,,,,,
8946,7544.961309923481,15.661062934009824,,,,,
6953,7546.038603579961,8.52924785819015,,,,,
8955,7544.961309923481,15.745825684829914,,,,,
6954,6214.548088064736,10.633475869071965,,,,,
6954,7615.258597946643,9.509039372255437,,,,,
4941,6214.548088064736,25.775108036120937,,,,,
4941,6123.315897742503,23.92867633561026,,,,,
4941,3836.598579264908,22.351779411760614,,,,,
6942,3875.1556625709327,44.17810915340057,,,,,
8930,3875.1556625709327,56.60519974724599,,,,,
8930,5650.318388101775,36.72655780401148,,,,,
8930,7448.721513931201,16.587665017567737,,,,,
8930,7445.0140908055,16.62918151393617,,,,,
6945,7544.961309923481,8.638751762757108,,,,,
4940,7546.038603579961,52.75381788623403,,,,,
6937,6054.032009971905,12.728383883928144,,,,,
6937,3836.598579264908,44.69369209651279,,,,,
4938,5650.318388101775,14.425240747302043,,,,,
4938,6140.831943031528,24.358686574150017,,,,,
4938,3857.811271272551,21.87502488309941,,,,,
4938,3857.6074206860735,21.87915308452666,,,,,
4938,3875.1556625709327,21.523781640928863,,,,,
6947,3875.1556625709327,44.218286129682845,,,,,
6947,3875.1556625709327,44.218286129682845,,,,,
8940,5650.318388101775,36.7973334664231,,,,,
8940,6029.468149343258,32.55628468296132,,,,,
8940,7448.721513931201,16.680967405691263,,,,,
6958,7445.0140908055,6.999340195537511,,,,,
4973,7544.961309923481,51.718506131580156,,,,,
6961,6214.548088064736,10.723343081960413,,,,,
6961,3857.811271272551,44.579639832315024,,,,,
8946,5069.03396713481,43.337424914656715,,,,,
8946,6123.315897742503,31.55247152087522,,,,,
6977,7615.258597946643,9.148037809182213,,,,,
6977,7546.038603579961,8.155920934211855,,,,,
6977,6214.548088064736,10.928076708259487,,,,,
8980,6123.315897742503,31.811626973914226,,,,,
8980,6108.083239028216,31.981255690108956,,,,,
8980,7602.321144889292,15.341635357580271,,,,,
8980,7546.038603579961,15.968389715145198,,,,,
8980,7546.038603579961,15.968389715145198,,,,,
6992,7544.961309923481,7.908485553825531,,,,,
5010,7546.038603579961,50.619533005588046,,,,,
5010,6054.032009971905,20.838962274888317,,,,,
3027,3836.598579264908,26.745906153449223,,,,,
3027,5920.208301943413,95.58005622541835,,,,,
3027,4088.997726614209,35.08416671999369,,,,,
5021,3810.205818582872,24.114602298688073,,,,,
3021,3857.6074206860735,27.693062584775685,,,,,
3021,5650.318388101775,87.03470334663274,,,,,
5021,4088.997726614209,18.56208471192573,,,,,
7027,3875.1556625709327,44.85334193011338,,,,,
7027,5650.318388101775,19.591313674373488,,,,,
7027,7083.244645466123,0.8004076485857844,,,,,
7027,6029.468149343258,14.195700165885041,,,,,
5061,6140.831943031528,21.336335566716613,,,,,
5061,6108.083239028216,20.689255859083495,,,,,
5061,3968.860486791517,21.579520118721263,,,,,
5061,5979.848796919134,18.155479093442676,,,,,
5061,6123.315897742503,20.990237062685296,,,,,
7057,6123.315897742503,13.23060935606486,,,,,
9055,6123.315897742503,32.376411952043036,,,,,
7093,7083.244645466123,0.1375349574774697,,,,,
5114,7448.721513931201,45.65352979920221,,,,,
5114,6054.032009971905,18.381541063197197,,,,,
5114,3836.598579264908,24.978518199747594,,,,,
7095,5920.208301943413,16.558022523701013,,,,,
7095,5920.208301943413,16.558022523701013,,,,,
7095,7083.244645466123,0.16568505333159866,,,,,
5116,6029.468149343258,17.855124107569548,,,,,
5116,6140.831943031528,20.031898808278495,,,,,
5116,3857.811271272551,24.59321205487586,,,,,
5116,6123.315897742503,19.68952106611616,,,,,
3133,5920.9875281539735,88.98779215301543,,,,,
3133,6108.083239028216,94.95956715698102,,,,,
3133,4048.822818814707,29.231497568295783,,,,,
3133,3857.6074206860735,23.128229195214605,,,,,
1144,3744.968665502122,227.35740083060506,,,,,
1144,3758.4425831695708,228.53519083650093,,,,,
3134,2832.8889592083406,9.607882603435208,,,,,
1113,2395.890365723798,115.26418380267727,,,,,
1113,3330.9184215969017,199.27389232676563,,,,,
3099,2832.8889592083406,8.586997121383009,,,,,
3099,2395.890365723798,22.68827474269771,,,,,
3099,3330.9184215969017,7.4836534881220285,,,,,
3099,3796.7950468794597,22.516781119053235,,,,,
3099,3803.2309528625638,22.72445798201238,,,,,
3099,3857.6074206860735,24.479103603939127,,,,,
1115,3857.6074206860735,245.97375970278685,,,,,
3137,3744.968665502122,19.380575884670765,,,,,
3137,2687.748793610507,14.321045788635411,,,,,
3137,3245.8024826188016,3.4683609378004974,,,,,
1126,3803.2309528625638,237.76473826488132,,,,,
1126,3744.968665502122,232.59046762896287,,,,,
3123,2687.748793610507,13.93695825774873,,,,,
5123,2298.63783225134,55.13102025665938,,,,,
3131,3245.8024826188016,3.66663949596939,,,,,
5128,4991.315364079719,2.665457018726227,,,,,
7123,3762.1533899725678,47.18302133970844,,,,,
9127,4991.315364079719,45.31263981505732,,,,,
9127,7602.4331880361515,16.7039203677424,,,,,
7145,7615.973476846858,6.59165118050186,,,,,
5137,7452.734512294063,45.07951162729343,,,,,
3148,6040.604719564877,91.8870622479313,,,,,
5178,3828.136809582821,26.06920027843142,,,,,
5178,3828.136809582821,26.06920027843142,,,,,
7177,4940.230152455488,31.16580531621168,,,,,
9159,6053.135761549812,33.910516851732595,,,,,
9159,7602.4331880361515,16.994942809955766,,,,,
9159,7615.973476846858,16.847106923825113,,,,,
7177,7452.734512294063,3.841918800251683,,,,,
7177,7501.294846545671,4.518529281672999,,,,,
7177,6144.413556849382,14.387438249277107,,,,,
7177,6156.051381367223,14.225283804274444,,,,,
5199,6118.605766178454,17.688127835707913,,,,,
5199,6118.605766178454,17.688127835707913,,,,,
3194,3857.811271272551,20.78307048442552,,,,,
5190,6108.083239028216,17.689465106516682,,,,,
5190,4048.822818814707,21.987999637481565,,,,,
7188,5069.03396713481,29.479215816154564,,,,,
7188,5979.848796919134,16.8078909721879,,,,,
7188,7615.258597946643,5.944053950287187,,,,,
7188,6123.315897742503,14.811965807700295,,,,,
5208,6029.468149343258,15.773197952059487,,,,,
5208,6140.831943031528,17.911519643462515,,,,,
7195,3857.811271272551,46.3820532137241,,,,,
7195,6123.315897742503,14.894845062647633,,,,,
7195,7615.258597946643,5.840981208431453,,,,,
7195,6123.315897742503,14.894845062647633,,,,,
5193,6123.315897742503,17.914806426776483,,,,,
3161,6029.468149343258,90.74559156416507,,,,,
3161,3836.598579264908,21.372938287406136,,,,,
5165,4088.997726614209,20.832570636704567,,,,,
5165,3810.205818582872,26.230284248153495,,,,,
7148,5069.03396713481,29.084583559949493,,,,,
7148,6123.315897742503,14.33525604725094,,,,,
7148,7615.258597946643,6.536913793321811,,,,,
7148,6123.315897742503,14.33525604725094,,,,,
9144,6108.083239028216,33.20118942445083,,,,,
7138,6019.411125109431,15.670900460781297,,,,,
9131,7615.973476846858,16.592120503265164,,,,,
7146,6144.413556849382,14.016043145124796,,,,,
7146,7615.973476846858,6.576734912494513,,,,,
9129,6144.413556849382,32.693465255237356,,,,,
9129,6022.850281150386,34.02508181454282,,,,,
9129,7438.357347891135,18.519472583074435,,,,,
9129,7501.294846545671,17.830048783594357,,,,,
9129,7501.294846545671,17.830048783594357,,,,,
9129,7618.192385354018,16.549541183546737,,,,,
9129,7546.038603579961,17.339921091248097,,,,,
9129,7613.203024934382,16.604195148051467,,,,,
9129,7546.038603579961,17.339921091248097,,,,,
9129,7546.038603579961,17.339921091248097,,,,,
9129,7546.038603579961,17.339921091248097,,,,,
9129,7546.038603579961,17.339921091248097,,,,,
9129,7544.961309923481,17.351721876180513,,,,,
9129,7546.038603579961,17.339921091248097,,,,,
9129,7544.961309923481,17.351721876180513,,,,,
7151,7546.038603579961,5.524242813312279,,,,,
7151,7546.038603579961,5.524242813312279,,,,,
9154,6214.548088064736,32.11111985946323,,,,,
9154,6108.083239028216,33.27416168857095,,,,,
7150,7602.4331880361515,6.32773689561051,,,,,
7150,7452.734512294063,4.234049122993892,,,,,
5159,6144.413556849382,19.10086367221132,,,,,
5159,6156.051381367223,19.32644662467965,,,,,
5159,3762.1533899725678,27.075918007897503,,,,,
5159,5838.495149647742,13.171063183712784,,,,,
5159,6138.53801018087,18.986974417151963,,,,,
7155,6138.53801018087,14.206317118366602,,,,,
5179,6019.411125109431,16.227285675022802,,,,,
3175,7438.357347891135,134.27897158712236,,,,,
3175,3828.136809582821,20.571238097096728,,,,,
3175,3828.136809582821,20.571238097096728,,,,,
1190,3796.7950468794597,219.05840730079493,,,,,
3197,3796.7950468794597,18.761183824818882,,,,,
3197,2687.748793610507,15.929033668736093,,,,,
1207,3245.8024826188016,168.91487014240278,,,,,
1207,3803.2309528625638,215.0978419935844,,,,,
1207,2687.748793610507,122.68009889067997,,,,,
3191,2456.463729884982,23.018999376841677,,,,,
3191,2456.463729884982,23.018999376841677,,,,,
1190,3330.9184215969017,179.90911105856318,,,,,
1190,3796.7950468794597,219.05840730079493,,,,,
1190,2687.748793610507,125.8612431605468,,,,,
1190,2298.63783225134,93.1628430463311,,,,,
3222,2298.63783225134,28.65804369176474,,,,,
3222,2256.2036286230464,29.975058081221405,,,,,
3222,3332.9542521503445,3.4436453181360793,,,,,
3222,3857.6074206860735,19.727108028742194,,,,,
3222,3857.6074206860735,19.727108028742194,,,,,
5250,3810.205818582872,27.424651074611965,,,,,
7260,3857.6074206860735,46.864911560797886,,,,,
7260,5650.318388101775,22.171923028901173,,,,,
7260,7083.244645466123,2.4346467566649714,,,,,
9277,6029.468149343258,35.006271969998295,,,,,
9277,6140.831943031528,33.805843020033116,,,,,
9277,7615.258597946643,17.91248681743405,,,,,
9277,7546.038603579961,18.658633140239722,,,,,
7297,7544.961309923481,3.3981267633751018,,,,,
5265,7546.038603579961,43.32456986856526,,,,,
5265,6054.032009971905,14.98636296242934,,,,,
5265,3836.598579264908,27.13013144795996,,,,,
5265,5920.9875281539735,12.459402244140048,,,,,
3264,6108.083239028216,87.13490315650171,,,,,
3264,5903.642113749194,80.87138828888463,,,,,
1259,3762.1533899725678,198.82076171346844,,,,,
3269,3758.4425831695708,14.972241761075889,,,,,
5269,2832.8889592083406,46.23478915907496,,,,,
5269,3330.9184215969017,36.7827211691611,,,,,
5269,4940.230152455488,6.2397010351966635,,,,,
5269,6053.135761549812,14.882060382421935,,,,,
7265,6053.135761549812,16.680856688922066,,,,,
7265,6053.135761549812,16.680856688922066,,,,,
7265,7438.357347891135,2.386198869802269,,,,,
7265,6053.135761549812,16.680856688922066,,,,,
9262,6156.051381367223,33.53431892283283,,,,,
9262,6022.850281150386,34.97246511390212,,,,,
9262,7438.357347891135,19.689512547061813,,,,,
7278,7501.294846545671,3.068079782160911,,,,,
9255,7618.192385354018,17.685657640691318,,,,,
9255,6214.548088064736,32.85199256548098,,,,,
9255,7602.321144889292,17.857145922319916,,,,,
9255,7613.203024934382,17.739567531773297,,,,,
9255,7618.192385354018,17.685657640691318,,,,,
9255,7618.192385354018,17.685657640691318,,,,,
7273,7618.192385354018,4.746217315468423,,,,,
7273,7546.038603579961,3.7541400189737533,,,,,
7273,6214.548088064736,14.553168045308187,,,,,
5272,6127.06810163842,16.219045933960917,,,,,
5272,6022.850281150386,14.242228398148443,,,,,
5272,3828.136809582821,27.38738980305726,,,,,
5272,6053.135761549812,14.81668743455637,,,,,
7254,6138.53801018087,15.377198646527852,,,,,
7254,5979.848796919134,17.564808424053847,,,,,
7254,7615.258597946643,4.980129555371423,,,,,
7254,6108.083239028216,15.797032822880952,,,,,
7254,6118.605766178454,15.651974549511245,,,,,
7254,6118.605766178454,15.651974549511245,,,,,
7254,6127.06810163842,15.535317043859667,,,,,
7254,6022.850281150386,16.97201156395939,,,,,
7254,6053.135761549812,16.554511144888174,,,,,
5264,6053.135761549812,14.991180880505544,,,,,
5264,6022.850281150386,14.415848806048364,,,,,
7234,3828.136809582821,47.081326934160614,,,,,
5259,6053.135761549812,15.100508871454874,,,,,
5259,7438.357347891135,41.440527626756705,,,,,
5259,3828.136809582821,27.207894854861742,,,,,
3273,6053.135761549812,84.94151425450082,,,,,
3273,6053.135761549812,84.94151425450082,,,,,
5273,3828.136809582821,27.401160447888845,,,,,
5273,3796.7950468794597,27.99554244491827,,,,,
3303,4940.230152455488,49.5679731291398,,,,,
3303,6053.135761549812,83.26175481531371,,,,,
1315,3762.1533899725678,186.09531482681123,,,,,
1315,3803.2309528625638,189.21908386787558,,,,,
1315,2687.748793610507,104.39154324034274,,,,,
3296,2456.463729884982,25.471367418538165,,,,,
5278,2395.890365723798,54.60609386654418,,,,,
5278,3330.9184215969017,36.89051872684915,,,,,
5278,4940.230152455488,6.399580286936571,,,,,
7275,6053.135761549812,16.795384720964787,,,,,
7275,6019.411125109431,17.25895360674322,,,,,
5272,7438.357347891135,41.09175546075749,,,,,
5272,6053.135761549812,14.81668743455637,,,,,
5272,3828.136809582821,27.38738980305726,,,,,
3274,6053.135761549812,84.88502631489958,,,,,
3274,6053.135761549812,84.88502631489958,,,,,
5282,3762.1533899725678,28.774074404154337,,,,,
3302,3803.2309528625638,15.179616985540997,,,,,
1305,4991.315364079719,282.476273109557,,,,,
1305,3762.1533899725678,188.28761608985195,,,,,
1305,2687.748793610507,105.95776196249096,,,,,
3312,2456.463729884982,25.83140912183025,,,,,
1315,2395.890365723798,82.1969859866006,,,,,
3327,3330.9184215969017,0.11777642311096123,,,,,
3327,2832.8889592083406,14.851549167167402,,,,,
1334,3330.9184215969017,149.6940346024664,,,,,
3316,3796.7950468794597,14.499247493349207,,,,,
1329,2832.8889592083406,113.15944012101886,,,,,
3350,3330.9184215969017,0.5695993553163677,,,,,
3350,2832.8889592083406,15.436150471392818,,,,,
3350,3330.9184215969017,0.5695993553163677,,,,,
3350,3796.7950468794597,13.337165578491335,,,,,
1352,3796.7950468794597,180.82803601179435,,,,,
1352,3796.7950468794597,180.82803601179435,,,,,
1352,2687.748793610507,98.79798769308485,,,,,
1352,2456.463729884982,81.69110428143358,,,,,
3350,2395.890365723798,28.480884605259764,,,,,
3350,2298.63783225134,31.383945305930144,,,,,
3350,3245.8024826188016,3.110373653170101,,,,,
5337,3803.2309528625638,28.73841197559371,,,,,
3364,3758.4425831695708,11.725403780308287,,,,,
1379,4940.230152455488,258.24729169365395,,,,,
1379,3828.136809582821,177.6023792300813,,,,,
1379,2832.8889592083406,105.43067144367953,,,,,
1379,2395.890365723798,73.7411432722116,,,,,
1379,2456.463729884982,78.13370049927354,,,,,
1379,2395.890365723798,73.7411432722116,,,,,
1379,2298.63783225134,66.68874780647862,,,,,
1379,2364.1012322598535,71.43591241913369,,,,,
1379,2364.1012322598535,71.43591241913369,,,,,
1379,2364.1012322598535,71.43591241913369,,,,,
1379,2256.2036286230464,63.611575679698795,,,,,
1379,2298.63783225134,66.68874780647862,,,,,
1379,2456.463729884982,78.13370049927354,,,,,
1379,2395.890365723798,73.7411432722116,,,,,
1379,2456.463729884982,78.13370049927354,,,,,
1379,2395.890365723798,73.7411432722116,,,,,
1379,2456.463729884982,78.13370049927354,,,,,
1379,2395.890365723798,73.7411432722116,,,,,
3392,2395.890365723798,29.366439689746528,,,,,
5408,2395.890365723798,55.697293533213795,,,,,
3406,3245.8024826188016,4.703391584885449,,,,,
3406,4991.315364079719,46.54478461772516,,,,,
3406,3762.1533899725678,10.45664679895971,,,,,
3406,3803.2309528625638,11.662682115753487,,,,,
3406,3803.2309528625638,11.662682115753487,,,,,
1400,3744.968665502122,167.49776182158013,,,,,
1400,3803.2309528625638,171.65935377589742,,,,,
3413,2687.748793610507,21.24966910019024,,,,,
3413,2298.63783225134,32.65051766037679,,,,,
3413,3245.8024826188016,4.898843169680585,,,,,
3413,3803.2309528625638,11.433664015896975,,,,,
1419,3803.2309528625638,168.02191352096995,,,,,
1419,3758.4425831695708,164.86558020927205,,,,,
1419,2687.748793610507,89.41147241793567,,,,,
1419,2456.463729884982,73.112313593022,,,,,
1419,2395.890365723798,68.84357757038745,,,,,
3417,2298.63783225134,32.72935814306877,,,,,
5417,2364.1012322598535,56.35773985121186,,,,,
3390,3332.9542521503445,1.6827654232936733,,,,,
3390,5069.03396713481,49.529025579197935,,,,,
3390,4048.822818814707,19.43430143996185,,,,,
3390,3744.968665502122,10.471052079708612,,,,,
3390,3803.2309528625638,12.189703624264418,,,,,
3390,3758.4425831695708,10.868512777863444,,,,,
3390,3796.7950468794597,11.99985389024955,,,,,
3390,3803.2309528625638,12.189703624264418,,,,,
5360,3857.6074206860735,28.02971230063296,,,,,
5360,3744.968665502122,30.131181613766383,,,,,
7366,5069.03396713481,31.183356405989542,,,,,
7366,5979.848796919134,18.818235176226803,,,,,
7366,7615.258597946643,3.383907113041583,,,,,
5390,6108.083239028216,13.322509072879699,,,,,
5390,6118.605766178454,13.51773221110305,,,,,
5390,3968.860486791517,26.36622473485126,,,,,
5390,5979.848796919134,10.94339140851825,,,,,
3409,6123.315897742503,79.62205625528023,,,,,
3409,6123.315897742503,79.62205625528023,,,,,
5392,3857.811271272551,28.45305505800165,,,,,
5392,3857.6074206860735,28.456835669768665,,,,,
7370,5650.318388101775,23.33353611802205,,,,,
7370,5920.208301943413,19.671529145950974,,,,,
9370,7083.244645466123,24.40507315404351,,,,,
9370,6029.468149343258,35.65135379569628,,,,,
9370,7448.721513931201,20.504572956977576,,,,,
9370,7445.0140908055,20.544139906024547,,,,,
9370,7544.961309923481,19.477467343399347,,,,,
9370,7546.038603579961,19.465970079189315,,,,,
7369,7544.961309923481,2.38785873148977,,,,,
7369,7546.038603579961,2.402477996742585,,,,,
9364,6214.548088064736,33.63361717145733,,,,,
9364,6123.315897742503,34.607903697752,,,,,
7371,7448.721513931201,1.054422926756222,,,,,
7371,7445.0140908055,1.0041255027201197,,,,,
5358,6054.032009971905,12.990519036429726,,,,,
5358,6140.831943031528,14.61052525254811,,,,,
5358,3857.811271272551,27.999043089351417,,,,,
7330,6108.083239028216,16.67007859443089,,,,,
7330,5903.642113749194,19.459179894281114,,,,,
7330,7602.4331880361515,3.7166874220484516,,,,,
9335,6156.051381367223,34.05408268487174,,,,,
9335,6118.605766178454,34.45521407414618,,,,,
9335,7615.258597946643,18.422511002178435,,,,,
9335,7613.203024934382,18.444531066584023,,,,,
9335,7613.203024934382,18.444531066584023,,,,,
9335,7452.734512294063,20.163529595135905,,,,,
9335,7501.294846545671,19.643333191797847,,,,,
9335,7452.734512294063,20.163529595135905,,,,,
9335,7501.294846545671,19.643333191797847,,,,,
7364,7501.294846545671,1.8644058466277993,,,,,
5368,7501.294846545671,39.74096211895811,,,,,
5368,6144.413556849382,14.463739881694899,,,,,
7375,3930.9068216136416,46.699568520492996,,,,,
5363,6138.53801018087,14.46089894053458,,,,,
5363,7136.394493635342,33.06721039782476,,,,,
5363,3968.860486791517,25.99551581593293,,,,,
5363,5979.848796919134,11.501935426424273,,,,,
5363,5979.848796919134,11.501935426424273,,,,,
5363,6123.315897742503,14.177063168795504,,,,,
3377,6123.315897742503,81.32413081855205,,,,,
3377,5920.9875281539735,75.33276660213129,,,,,
1368,3857.811271272551,182.00374790004028,,,,,
3360,3857.6074206860735,14.809744663275998,,,,,
1337,2999.2798625511587,124.32908470838883,,,,,
3326,3252.8991478213393,2.197860859250172,,,,,
3326,2999.2798625511587,9.823215196898417,,,,,
3326,3252.8991478213393,2.197860859250172,,,,,
5352,3875.1556625709327,27.594251446731448,,,,,
5352,3875.1556625709327,27.594251446731448,,,,,
3351,5650.318388101775,68.61588743962325,,,,,
3351,5920.208301943413,76.66989859574494,,,,,
3351,4088.997726614209,22.02320879182958,,,,,
3351,3875.1556625709327,15.641768504056481,,,,,
3351,3810.205818582872,13.703545764932015,,,,,
3351,3857.6074206860735,15.118096708029649,,,,,
3351,3810.205818582872,13.703545764932015,,,,,
3351,3857.6074206860735,15.118096708029649,,,,,
3351,3810.205818582872,13.703545764932015,,,,,
3351,3857.6074206860735,15.118096708029649,,,,,
1359,3875.1556625709327,185.14758370647039,,,,,
3355,3875.1556625709327,15.503894562471912,,,,,
3355,2999.2798625511587,10.602686660174108,,,,,
3355,3252.8991478213393,3.0432444762641047,,,,,
5358,3810.205818582872,28.887536047352146,,,,,
3347,3744.968665502122,11.890309695312874,,,,,
1340,4991.315364079719,272.48622119997907,,,,,
1340,3884.675908406962,189.90118719454944,,,,,
1340,2687.748793610507,100.5782681798886,,,,,
1340,2456.463729884982,83.31818879738671,,,,,
3351,2456.463729884982,26.694606688004118,,,,,
3351,2395.890365723798,28.502227223998865,,,,,
3351,3245.8024826188016,3.1392872987525635,,,,,
1337,3758.4425831695708,181.11014085037925,,,,,
1337,3796.7950468794597,183.978687126362,,,,,
1337,2687.748793610507,101.02833160886367,,,,,
1337,2298.63783225134,71.9250435490905,,,,,
1337,2456.463729884982,83.72952355160673,,,,,
1337,2395.890365723798,79.19898023364233,,,,,
1337,2395.890365723798,79.19898023364233,,,,,
3325,2395.890365723798,27.943146895524873,,,,,
3325,2395.890365723798,27.943146895524873,,,,,
1330,3330.9184215969017,150.44499410503022,,,,,
3322,3796.7950468794597,14.29244572183804,,,,,
3322,2832.8889592083406,14.72339075230763,,,,,
3322,3330.9184215969017,0.26846543037030945,,,,,
3322,3796.7950468794597,14.29244572183804,,,,,
1333,3803.2309528625638,185.31364987716157,,,,,
3324,3803.2309528625638,14.417297017525984,,,,,
5322,2687.748793610507,49.49739207796867,,,,,
5322,3245.8024826188016,39.01160310750091,,,,,
5322,4991.315364079719,6.213540697487428,,,,,
5322,5838.495149647742,9.704906983234544,,,,,
5322,6138.53801018087,15.342690909073086,,,,,
5322,6027.228510871935,13.251193364748875,,,,,
7317,6123.315897742503,16.313845869311155,,,,,
5308,6123.315897742503,15.360133717831628,,,,,
5308,7083.244645466123,33.44469942475741,,,,,
7303,3836.598579264908,47.46544462186898,,,,,
7303,5920.9875281539735,18.9239007510068,,,,,
9308,7615.258597946643,18.18587668729434,,,,,
7310,6108.083239028216,16.44208975337598,,,,,
7310,7602.4331880361515,4.000454008702483,,,,,
5284,6144.413556849382,16.283375413500796,,,,,
5284,6138.53801018087,16.172180359214035,,,,,
5284,3762.1533899725678,28.80103349786965,,,,,
7278,6027.228510871935,17.185648380435076,,,,,
5283,6027.228510871935,14.087232838764626,,,,,
7287,7615.258597946643,4.504715218150721,,,,,
7287,3857.811271272551,47.058991748695604,,,,,
9288,7615.258597946643,18.009705017801,,,,,
7281,6123.315897742503,15.900070076328761,,,,,
7281,7615.258597946643,4.5908336484911825,,,,,
7281,6214.548088064736,14.647052766587892,,,,,
7281,6123.315897742503,15.900070076328761,,,,,
7281,6108.083239028216,16.109281156047032,,,,,
7281,6138.53801018087,15.691003843141468,,,,,
5288,6138.53801018087,16.084304277247913,,,,,
5288,6019.411125109431,13.831526571660948,,,,,
3321,3930.9068216136416,18.36515572459023,,,,,
3321,6138.53801018087,84.84004848481992,,,,,
3321,3884.675908406962,16.973077639474923,,,,,
3321,3803.2309528625638,14.520655009411737,,,,,
3321,3857.6074206860735,16.158007247397578,,,,,
3321,3857.6074206860735,16.158007247397578,,,,,
3321,3744.968665502122,12.766295257516468,,,,,
3321,3758.4425831695708,13.172013946689876,,,,,
3321,3803.2309528625638,14.520655009411737,,,,,
3321,3803.2309528625638,14.520655009411737,,,,,
3321,3857.6074206860735,16.158007247397578,,,,,
1329,3744.968665502122,181.78846241550954,,,,,
1329,3803.2309528625638,186.1723817052343,,,,,
1329,2687.748793610507,102.23843443269429,,,,,
1329,2298.63783225134,72.95995728001054,,,,,
1329,2364.1012322598535,77.88572101278055,,,,,
1329,2361.3848868038554,77.68133083550454,,,,,
1329,2361.3848868038554,77.68133083550454,,,,,
3331,2361.3848868038554,29.10882957658795,,,,,
3331,2361.3848868038554,29.10882957658795,,,,,
3331,3252.8991478213393,2.344666832142321,,,,,
1378,3875.1556625709327,181.21594068003867,,,,,
1378,3810.205818582872,176.50259931660898,,,,,
1378,2760.564605051352,100.33124855234774,,,,,
3367,2364.1012322598535,29.786123188005536,,,,,
5371,2256.2036286230464,57.992857407874766,,,,,
3371,3245.8024826188016,3.713957798314992,,,,,
1374,4991.315364079719,263.26894935078013,,,,,
1374,3884.675908406962,182.7275042508706,,,,,
1374,2687.748793610507,95.6149049207065,,,,,
1374,2298.63783225134,67.29532985817613,,,,,
1374,2456.463729884982,78.78193085043537,,,,,
1374,2298.63783225134,67.29532985817613,,,,,
1374,2298.63783225134,67.29532985817613,,,,,
3377,2456.463729884982,27.258995265472848,,,,,
5390,2456.463729884982,54.425533768367686,,,,,
7390,3330.9184215969017,54.926679004101466,,,,,
5399,4940.230152455488,8.497311493693504,,,,,
3407,7438.357347891135,118.32572198095494,,,,,
1408,3828.136809582821,171.884716589689,,,,,
3421,3828.136809582821,11.901105220193543,,,,,
5420,2832.8889592083406,47.73267602936641,,,,,
5420,3330.9184215969017,38.54394056094277,,,,,
5420,4940.230152455488,8.851842205618308,,,,,
3437,6053.135761549812,76.11683914896165,,,,,
5429,6019.411125109431,10.875135846554262,,,,,
5429,3828.136809582821,29.48725714527867,,,,,
3437,4940.230152455488,43.73669340865545,,,,,
3437,6053.135761549812,76.11683914896165,,,,,
1454,3762.1533899725678,158.74507496372544,,,,,
1454,3803.2309528625638,161.5702168406165,,,,,
1454,2687.748793610507,84.85204907912704,,,,,
3467,2298.63783225134,33.69951450097087,,,,,
3467,2298.63783225134,33.69951450097087,,,,,
3467,3245.8024826188016,6.380084147135806,,,,,
1509,3803.2309528625638,152.036511124093,,,,,
1509,3803.2309528625638,152.036511124093,,,,,
1509,2687.748793610507,78.11456551428145,,,,,
1509,2298.63783225134,52.32855084501923,,,,,
1509,2298.63783225134,52.32855084501923,,,,,
3485,2298.63783225134,34.041956032960115,,,,,
3485,2364.1012322598535,32.1635227472065,,,,,
1498,3332.9542521503445,122.49360828773995,,,,,
3494,3857.6074206860735,10.406623373957457,,,,,
3494,2760.564605051352,20.991282053481626,,,,,
3494,3332.9542521503445,4.609208581844749,,,,,
5499,3857.6074206860735,29.848928519984113,,,,,
3488,3744.968665502122,7.3672209146250545,,,,,
3488,4991.315364079719,43.09963773164332,,,,,
3488,3884.675908406962,11.372589117172081,,,,,
5493,3803.2309528625638,30.76222550769045,,,,,
7511,3744.968665502122,50.140212148820105,,,,,
7511,4991.315364079719,33.546593475173495,,,,,
7511,7237.1789947825055,3.64559985644381,,,,,
5541,6877.0170885215575,24.11147967012376,,,,,
7551,7452.734512294063,1.3013572732874683,,,,,
5555,6040.604719564877,8.741759128080595,,,,,
7552,7438.357347891135,1.5048020671195066,,,,,
7552,6040.604719564877,20.01317903118542,,,,,
7552,7438.357347891135,1.5048020671195066,,,,,
9548,7501.294846545671,21.435956781046595,,,,,
9548,7618.192385354018,20.21164238213219,,,,,
9548,6602.463148742022,30.849778500816694,,,,,
7532,7618.192385354018,1.1443492479290809,,,,,
9506,7618.192385354018,19.859116501640877,,,,,
7512,6214.548088064736,17.271724067295853,,,,,
7512,7420.925802855854,1.2123828160828771,,,,,
7512,6214.548088064736,17.271724067295853,,,,,
7512,7546.038603579961,0.4531230508514522,,,,,
9514,7547.243204341537,20.672238760337006,,,,,
7523,7613.203024934382,1.1990299738718806,,,,,
9510,6602.463148742022,30.573468467486624,,,,,
7521,6144.413556849382,18.303236845507485,,,,,
7521,6602.463148742022,12.212961723945991,,,,,
9518,6144.413556849382,35.44427866306596,,,,,
9518,7165.050473576533,24.72104986786581,,,,,
9518,7420.925802855854,22.03271902862099,,,,,
9518,7546.038603579961,20.7182327844089,,,,,
9518,7546.038603579961,20.7182327844089,,,,,
9518,7546.038603579961,20.7182327844089,,,,,
9518,7546.038603579961,20.7182327844089,,,,,
9518,7613.203024934382,20.012575909493783,,,,,
9518,7618.192385354018,19.96015564872853,,,,,
7524,7452.734512294063,0.9471755410145763,,,,,
9514,7618.192385354018,19.926504253163564,,,,,
9514,6144.413556849382,35.41713730450513,,,,,
7503,7416.64576926844,1.1509293713389332,,,,,
5513,7452.734512294063,35.18473630136157,,,,,
5513,6040.604719564877,9.570192627695938,,,,,
5513,6040.604719564877,9.570192627695938,,,,,
3500,6053.135761549812,72.94673604428034,,,,,
3500,6138.53801018087,75.38680029088198,,,,,
3500,3884.675908406962,10.990740240198921,,,,,
3500,3803.2309528625638,8.663741510358964,,,,,
3500,3803.2309528625638,8.663741510358964,,,,,
3500,3803.2309528625638,8.663741510358964,,,,,
1521,3744.968665502122,146.2175322486602,,,,,
3489,3803.2309528625638,9.006332842148575,,,,,
3489,2687.748793610507,22.965067537675345,,,,,
5496,3245.8024826188016,40.942458467634616,,,,,
5496,3803.2309528625638,30.800019052719,,,,,
3494,4991.315364079719,42.853902807089845,,,,,
3494,6027.228510871935,72.50224701980352,,,,,
3494,3857.811271272551,10.412457678092474,,,,,
3494,3857.6074206860735,10.406623373957457,,,,,
3494,3857.6074206860735,10.406623373957457,,,,,
3494,3744.968665502122,7.182846751634857,,,,,
1519,3758.4425831695708,147.42874148581768,,,,,
1519,3758.4425831695708,147.42874148581768,,,,,
1519,2832.8889592083406,86.49696900647403,,,,,
1519,2395.890365723798,57.7281346756944,,,,,
1519,2395.890365723798,57.7281346756944,,,,,
1519,2395.890365723798,57.7281346756944,,,,,
1519,2395.890365723798,57.7281346756944,,,,,
1519,2395.890365723798,57.7281346756944,,,,,
3521,2456.463729884982,30.233918492332236,,,,,
1561,2395.890365723798,53.48432836155016,,,,,
1561,3330.9184215969017,113.38362726437549,,,,,
1561,2832.8889592083406,81.4791133381384,,,,,
1561,2395.890365723798,53.48432836155016,,,,,
1561,2456.463729884982,57.36474887155555,,,,,
1561,2395.890365723798,53.48432836155016,,,,,
1561,2298.63783225134,47.254185281956445,,,,,
3553,2456.463729884982,30.862264849845705,,,,,
3553,2298.63783225134,35.304310941420205,,,,,
1557,3245.8024826188016,108.4651562375595,,,,,
1557,3803.2309528625638,144.26659941313832,,,,,
1557,2687.748793610507,72.62355771422654,,,,,
1557,2298.63783225134,47.63248762050996,,,,,
1557,2456.463729884982,57.76902568304316,,,,,
1557,2298.63783225134,47.63248762050996,,,,,
1557,2298.63783225134,47.63248762050996,,,,,
1557,2364.1012322598535,51.83694491071634,,,,,
3557,2367.106922585098,33.45215286519264,,,,,
3557,2364.1012322598535,33.53665357717589,,,,,
3557,3332.9542521503445,6.29872780010277,,,,,
3557,3857.6074206860735,8.451150426934875,,,,,
5554,3875.1556625709327,30.22766181903254,,,,,
7547,3875.1556625709327,48.65303216415884,,,,,
7547,5650.318388101775,25.131596818579897,,,,,
7547,7083.244645466123,6.144896707749794,,,,,
7547,7547.243204341537,0.003222530032296555,,,,,
7547,7613.203024934382,0.877209817601452,,,,,
7547,6877.0170885215575,8.877473320239067,,,,,
9549,7452.734512294063,21.952722669451635,,,,,
9549,7501.294846545671,21.44418424394522,,,,,
9549,7416.64576926844,22.33065484062792,,,,,
9549,7452.734512294063,21.952722669451635,,,,,
7562,7501.294846545671,0.8027658483777952,,,,,
9543,7452.734512294063,21.903651762610675,,,,,
9543,6040.604719564877,36.70119753154273,,,,,
9543,7251.380020740393,24.013622333224426,,,,,
7529,7501.294846545671,0.3679791931774321,,,,,
7529,7618.192385354018,1.1846511535930186,,,,,
9545,6144.413556849382,35.62688782766493,,,,,
7537,7452.734512294063,1.1180242497802404,,,,,
5535,7251.380020740393,31.009575803801138,,,,,
5535,6040.604719564877,9.134683280304916,,,,,
3567,6040.604719564877,69.34692233150763,,,,,
1597,6053.135761549812,279.0316694771329,,,,,
1597,3828.136809582821,139.70800310474772,,,,,
1597,2832.8889592083406,77.3881627556882,,,,,
3605,2395.890365723798,33.53979568033847,,,,,
3605,2395.890365723798,33.53979568033847,,,,,
5595,3330.9184215969017,40.46615868459514,,,,,
3597,3796.7950468794597,5.554491155948283,,,,,
3597,4940.230152455488,37.34306790257125,,,,,
5611,3828.136809582821,31.774428629783973,,,,,
7628,3796.7950468794597,50.22554998847064,,,,,
9650,4940.230152455488,48.80590515590168,,,,,
9650,7438.357347891135,22.91857670579135,,,,,
7670,7251.380020740393,5.457887604427733,,,,,
7670,7501.294846545671,2.1995456773706503,,,,,
7670,6040.604719564877,21.243745507628724,,,,,
7670,7501.294846545671,2.1995456773706503,,,,,
7670,7501.294846545671,2.1995456773706503,,,,,
5647,7618.192385354018,34.90689543747155,,,,,
5647,7165.050473576533,26.882423828165976,,,,,
5647,6214.548088064736,10.050435418181964,,,,,
3677,6123.315897742503,66.53021206805828,,,,,
3677,5920.208301943413,61.006480879614166,,,,,
1692,4088.997726614209,141.66653230580434,,,,,
1692,3875.1556625709327,129.02811244509058,,,,,
1692,2999.2798625511587,77.26240322406375,,,,,
1692,2367.106922585098,39.899936322996325,,,,,
1692,2256.2036286230464,33.345368121929454,,,,,
3698,2456.463729884982,33.573181993375286,,,,,
1710,2298.63783225134,34.42326504393802,,,,,
1710,3245.8024826188016,89.81301067946208,,,,,
1710,2687.748793610507,57.178292024006275,,,,,
1710,2456.463729884982,43.652849700876146,,,,,
1710,2298.63783225134,34.42326504393802,,,,,
1710,2298.63783225134,34.42326504393802,,,,,
1710,2456.463729884982,43.652849700876146,,,,,
1710,2298.63783225134,34.42326504393802,,,,,
1710,2298.63783225134,34.42326504393802,,,,,
1710,2364.1012322598535,38.25153405028383,,,,,
3700,2364.1012322598535,36.10537210108504,,,,,
3700,2367.106922585098,36.02413722742979,,,,,
3700,3332.9542521503445,9.920155347287988,,,,,
3700,3857.6074206860735,4.259660018542527,,,,,
1715,3744.968665502122,118.36551985435113,,,,,
1715,3803.2309528625638,121.76273777624277,,,,,
1715,2687.748793610507,56.72004627466514,,,,,
1715,2456.463729884982,43.23403672798729,,,,,
3719,2298.63783225134,38.19204538178704,,,,,
5729,2456.463729884982,57.12229481785683,,,,,
5729,3245.8024826188016,43.34434486614066,,,,,
7712,4991.315364079719,35.27858708402854,,,,,
9699,6138.53801018087,36.70957820207372,,,,,
7707,7237.1789947825055,6.096029651193649,,,,,
7707,6602.463148742022,14.331605699467731,,,,,
7707,6144.413556849382,20.274898704432566,,,,,
5726,7165.050473576533,25.13186296850389,,,,,
5726,7613.203024934382,32.958488035878126,,,,,
5726,5804.456671208068,1.3701828712551125,,,,,
3732,6027.228510871935,61.50129986259205,,,,,
1724,5838.495149647742,238.65981146448624,,,,,
1724,3762.1533899725678,118.22235440676148,,,,,
3725,2687.748793610507,27.845669970187725,,,,,
3725,2298.63783225134,38.29160181875597,,,,,
5717,3245.8024826188016,43.22542447754414,,,,,
5717,3803.2309528625638,33.475057672510694,,,,,
5717,5069.03396713481,11.334021914731325,,,,,
5717,6108.083239028216,6.840707347003949,,,,,
5717,6027.228510871935,5.42642139009857,,,,,
5717,6027.228510871935,5.42642139009857,,,,,
7749,6027.228510871935,22.21927331433817,,,,,
7749,6027.228510871935,22.21927331433817,,,,,
7749,7615.258597946643,1.7259182094897014,,,,,
7749,7546.038603579961,2.6191946886054835,,,,,
9770,7452.94810023675,23.715986691537868,,,,,
7769,7547.243204341537,2.8543801732328817,,,,,
9771,7420.925802855854,24.051521821145695,,,,,
7765,6214.548088064736,19.96718495731184,,,,,
7765,7420.925802855854,4.431090755236906,,,,,
7765,6214.548088064736,19.96718495731184,,,,,
7765,7546.038603579961,2.81985056561544,,,,,
7765,7613.203024934382,1.9548869937619888,,,,,
9750,7165.050473576533,26.51230283511249,,,,,
9750,7546.038603579961,22.604732270974758,,,,,
9750,7257.920177280183,25.559793053536577,,,,,
7767,7544.961309923481,2.8587445613044786,,,,,
7767,7546.038603579961,2.8448744228149723,,,,,
9767,6214.548088064736,36.37198640253163,,,,,
9767,7546.038603579961,22.7394429857688,,,,,
9767,7257.920177280183,25.68936032271748,,,,,
9767,7544.961309923481,22.750472919796447,,,,,
9767,7546.038603579961,22.7394429857688,,,,,
7776,7546.038603579961,2.9573224848256032,,,,,
7776,7613.203024934382,2.093582498271842,,,,,
5795,6144.413556849382,6.029569574622641,,,,,
5795,7165.050473576533,23.641940872761563,,,,,
5795,6214.548088064736,7.239828957113642,,,,,
5795,6123.315897742503,5.665502980888745,,,,,
3813,5920.9875281539735,55.2842257580376,,,,,
3813,6108.083239028216,60.19101072720209,,,,,
3813,3884.675908406962,1.8797772988975139,,,,,
3813,3803.2309528625638,0.25620370148010085,,,,,
1831,3857.6074206860735,110.68309233675988,,,,,
1831,3875.1556625709327,111.64148894434366,,,,,
3811,2999.2798625511587,21.299400090497016,,,,,
1811,2361.3848868038554,30.391214069787704,,,,,
1811,3252.8991478213393,79.61894797467363,,,,,
1811,2999.2798625511587,65.61456999178125,,,,,
1811,2361.3848868038554,30.391214069787704,,,,,
3788,2367.106922585098,37.51037691169224,,,,,
3788,2256.2036286230464,40.43813018418568,,,,,
1801,3245.8024826188016,80.22223668066638,,,,,
1801,3803.2309528625638,111.17328999792136,,,,,
1801,2687.748793610507,49.23646827376497,,,,,
1801,2298.63783225134,27.631195571978907,,,,,
1801,2256.2036286230464,25.27504878528853,,,,,
1801,2456.463729884982,36.39443253109284,,,,,
1801,2456.463729884982,36.39443253109284,,,,,
3787,2395.890365723798,36.733816590340695,,,,,
5801,2456.463729884982,57.65447802301358,,,,,
3830,3330.9184215969017,13.030850611046954,,,,,
5823,4940.230152455488,15.16005233633028,,,,,
5823,3828.136809582821,34.258340896740144,,,,,
7810,4940.230152455488,36.744812388534086,,,,,
9816,6053.135761549812,38.333987759272496,,,,,
9816,7438.357347891135,24.222113407792026,,,,,
7830,7251.380020740393,7.389782621450921,,,,,
9818,7501.294846545671,23.596507979775197,,,,,
7837,6040.604719564877,22.921976271980643,,,,,
7837,7251.380020740393,7.472501968350224,,,,,
5849,6040.604719564877,3.2758543266349305,,,,,
3874,7501.294846545671,93.6317719810447,,,,,
3874,6144.413556849382,58.606441839168355,,,,,
3874,3762.1533899725678,2.8871091901763615,,,,,
1899,3758.4425831695708,97.9169343427894,,,,,
3884,3796.7950468794597,2.245235662217824,,,,,
3884,2832.8889592083406,27.062591163533973,,,,,
3884,3330.9184215969017,14.239999443952067,,,,,
1875,3796.7950468794597,102.49573583357119,,,,,
3872,3796.7950468794597,1.9422766818321349,,,,,
3872,2687.748793610507,30.585000165017895,,,,,
3872,3245.8024826188016,16.17245654393591,,,,,
5847,3803.2309528625638,34.95414823221201,,,,,
5847,3758.4425831695708,35.72015421293705,,,,,
5847,4940.230152455488,15.508292244647038,,,,,
3860,6053.135761549812,56.81698864118684,,,,,
1890,6053.135761549812,220.27173341533396,,,,,
1890,3828.136809582821,102.54692114194822,,,,,
3892,2832.8889592083406,27.212513894955276,,,,,
3892,2395.890365723798,38.440638085205606,,,,,
1893,3245.8024826188016,71.4634169370735,,,,,
1893,3803.2309528625638,100.91024579305672,,,,,
1893,2687.748793610507,41.98356014846842,,,,,
3886,2298.63783225134,40.84822871200874,,,,,
3886,2298.63783225134,40.84822871200874,,,,,
1881,3245.8024826188016,72.55728243587461,,,,,
1881,3803.2309528625638,102.19196984915277,,,,,
1881,2687.748793610507,42.88935638546024,,,,,
1881,2456.463729884982,30.593499728069222,,,,,
1881,2298.63783225134,22.202968221761836,,,,,
1881,2456.463729884982,30.593499728069222,,,,,
1881,2456.463729884982,30.593499728069222,,,,,
3854,2395.890365723798,37.833669804779504,,,,,
1838,2395.890365723798,30.35312109487475,,,,,
1838,3330.9184215969017,81.22515895521772,,,,,
1838,2832.8889592083406,54.12888787858219,,,,,
1838,2395.890365723798,30.35312109487475,,,,,
1838,2395.890365723798,30.35312109487475,,,,,
3845,2298.63783225134,40.21748160594694,,,,,
3845,2298.63783225134,40.21748160594694,,,,,
1866,3245.8024826188016,73.94439885416944,,,,,
1866,3758.4425831695708,101.41707305303164,,,,,
1866,2687.748793610507,44.037984652224395,,,,,
1866,2298.63783225134,23.185307194605578,,,,,
3861,2298.63783225134,40.4652206099109,,,,,
3861,2298.63783225134,40.4652206099109,,,,,
1861,3332.9542521503445,79.09480129770793,,,,,
1861,3857.6074206860735,107.28680390575353,,,,,
1861,2999.2798625511587,61.16495768678982,,,,,
3850,2367.106922585098,38.516703309477975,,,,,
3850,2364.1012322598535,38.594773188055754,,,,,
5838,3252.8991478213393,44.280590136667705,,,,,
5838,3810.205818582872,34.73439844839206,,,,,
7835,5069.03396713481,35.30269346349955,,,,,
7835,6108.083239028216,22.041056298299736,,,,,
7835,7237.1789947825055,7.63013408063171,,,,,
7835,7165.050473576533,8.550727842035322,,,,,
5846,7165.050473576533,22.563299240104904,,,,,
3853,7165.050473576533,85.96030297369667,,,,,
3853,5804.456671208068,50.647720508903916,,,,,
3853,3884.675908406962,0.8221102623140982,,,,,
3853,3803.2309528625638,1.2916960066814496,,,,,
3853,3857.6074206860735,0.119580085286102,,,,,
5838,3810.205818582872,34.73439844839206,,,,,
5838,3857.6074206860735,33.9224491146613,,,,,
3864,5069.03396713481,31.18617927367521,,,,,
3864,6123.315897742503,58.470908326669324,,,,,
1885,4088.997726614209,116.92295631905618,,,,,
3885,3875.1556625709327,0.25339349881769135,,,,,
5884,2999.2798625511587,49.026514912454815,,,,,
7879,3252.8991478213393,58.71431466148827,,,,,
7879,5650.318388101775,28.28635121079103,,,,,
7879,7083.244645466123,10.099699892548255,,,,,
7879,7547.243204341537,4.210645965966018,,,,,
7879,7613.203024934382,3.373486166589903,,,,,
7879,7165.050473576533,9.061423104752727,,,,,
9886,6877.0170885215575,30.436808734356084,,,,,
9886,7618.192385354018,22.93958744331359,,,,,
9886,7416.64576926844,24.97829486882015,,,,,
7865,7618.192385354018,3.138049772994045,,,,,
7865,7452.734512294063,5.241773524551007,,,,,
5860,6040.604719564877,3.0819918014484147,,,,,
5860,7501.294846545671,28.008444480301552,,,,,
5860,6040.604719564877,3.0819918014484147,,,,,
3860,6053.135761549812,56.81698864118684,,,,,
3860,6138.53801018087,59.02948212903807,,,,,
3860,3884.675908406962,0.6392722385223369,,,,,
5838,3803.2309528625638,34.85387199618767,,,,,
7833,3857.6074206860735,50.751852155163114,,,,,
7833,5650.318388101775,27.86520633088504,,,,,
7833,7083.244645466123,9.571752260103114,,,,,
5830,7547.243204341537,29.45528652386857,,,,,
5830,7546.038603579961,29.434624418181148,,,,,
3840,6045.604299414653,57.43761196392325,,,,,
3840,5920.9875281539735,54.19238354567639,,,,,
3840,3857.811271272551,0.46383518938935,,,,,
3840,3857.6074206860735,0.4585265803664976,,,,,
5827,3857.6074206860735,33.79771030228122,,,,,
5827,3810.205818582872,34.61119240461864,,,,,
5827,5069.03396713481,13.007826203281104,,,,,
5827,6123.315897742503,5.085222202548529,,,,,
7815,5920.208301943413,24.24557515107597,,,,,
7815,5920.208301943413,24.24557515107597,,,,,
9807,7083.244645466123,27.773583710960303,,,,,
9807,7547.243204341537,23.042284038528223,,,,,
9807,7420.925802855854,24.330317091303616,,,,,
7837,7613.203024934382,2.855645975062121,,,,,
7837,7618.192385354018,2.7919818125045506,,,,,
7837,6214.548088064736,20.70246155334011,,,,,
7837,7546.038603579961,3.712662963124141,,,,,
9854,7452.94810023675,24.36626648836259,,,,,
9854,7452.94810023675,24.36626648836259,,,,,
9854,7257.920177280183,26.345441675662844,,,,,
9854,7544.961309923481,23.432501421519373,,,,,
9854,7546.038603579961,23.42156886969798,,,,,
7869,7613.203024934382,3.2506922743120907,,,,,
7869,7618.192385354018,3.1872870078279534,,,,,
9852,6144.413556849382,37.632830320245816,,,,,
9852,7165.050473576533,27.273137702227647,,,,,
7879,6602.463148742022,16.201762295443306,,,,,
7879,7452.734512294063,5.410147070769599,,,,,
7879,6144.413556849382,22.01531213543112,,,,,
9858,7452.734512294063,24.399122415357443,,,,,
9858,7501.294846545671,23.90652417786903,,,,,
9858,7251.380020740393,26.4416715282979,,,,,
7871,7501.294846545671,4.69705442071311,,,,,
9859,7501.294846545671,23.914242351702292,,,,,
9859,6040.604719564877,38.73004645942918,,,,,
9859,7251.380020740393,26.449132561716272,,,,,
7867,7501.294846545671,4.648597349108032,,,,,
7867,7452.734512294063,5.265863578313674,,,,,
7867,6040.604719564877,23.215905433267103,,,,,
7867,7501.294846545671,4.648597349108032,,,,,
5849,7501.294846545671,28.24918527176733,,,,,
3870,7618.192385354018,96.8525164174165,,,,,
3870,6144.413556849382,58.770376145978865,,,,,
3870,3762.1533899725678,2.7867341092359754,,,,,
3870,3803.2309528625638,1.7252983756443474,,,,,
1903,3803.2309528625638,99.85449042893137,,,,,
3906,3857.6074206860735,1.2389293219131206,,,,,
3906,2999.2798625511587,23.21352118404612,,,,,
3906,3252.8991478213393,16.720451924696896,,,,,
1924,3875.1556625709327,101.4114169735412,,,,,
3891,3810.205818582872,2.076437456107122,,,,,
3891,2760.564605051352,29.05256733355559,,,,,
1912,3332.9542521503445,74.3176910120473,,,,,
1912,3744.968665502122,95.86656200324906,,,,,
1912,2687.748793610507,40.5726356490851,,,,,
1912,2456.463729884982,28.47613650026057,,,,,
3924,2298.63783225134,41.421054223971964,,,,,
3924,2456.463729884982,37.39898751567324,,,,,
5933,3245.8024826188016,45.292390314869344,,,,,
7921,3803.2309528625638,51.9854696015331,,,,,
7921,4991.315364079719,36.986297638180545,,,,,
7921,7602.4331880361515,4.021800428782332,,,,,
5947,7452.734512294063,25.31922838900392,,,,,
3940,7501.294846545671,90.38819407476323,,,,,
3940,6040.604719564877,53.314840598093326,,,,,
5937,3828.136809582821,35.52068705435706,,,,,
5937,3796.7950468794597,36.04859277615867,,,,,
5937,4991.315364079719,15.928661544892723,,,,,
5937,6138.53801018087,3.39461024390887,,,,,
7933,6138.53801018087,22.62021920861125,,,,,
7933,5838.495149647742,26.402430988935556,,,,,
5919,7602.4331880361515,28.44117567217691,,,,,
5919,7452.734512294063,25.912054608786338,,,,,
3926,6040.604719564877,53.86155678973197,,,,,
3926,6053.135761549812,54.1807376859351,,,,,
5922,3828.136809582821,35.35736559299526,,,,,
5922,3796.7950468794597,35.886608462015204,,,,,
7906,4991.315364079719,36.86674216949508,,,,,
5917,6138.53801018087,3.7440934625801856,,,,,
3921,7602.4331880361515,93.89016036817524,,,,,
3921,6144.413556849382,56.70526796351395,,,,,
1935,3762.1533899725678,94.42653178152804,,,,,
3930,3803.2309528625638,3.2256754996803116,,,,,
3930,2687.748793610507,31.609445455203378,,,,,
3930,3245.8024826188016,17.409606040234056,,,,,
5932,3758.4425831695708,36.64122415425538,,,,,
3928,3803.2309528625638,3.176401403702552,,,,,
3928,4991.315364079719,27.0701467433737,,,,,
5926,3762.1533899725678,36.514455113524,,,,,
5926,3803.2309528625638,35.82127990444543,,,,,
5926,4991.315364079719,15.772606073578821,,,,,
3931,6138.53801018087,56.15716128671762,,,,,
1964,6138.53801018087,212.55285184220313,,,,,
1964,3762.1533899725678,91.55567158719795,,,,,
1964,2687.748793610507,36.85075323882419,,,,,
1964,2456.463729884982,25.07452799821701,,,,,
1964,2395.890365723798,21.990344486955088,,,,,
1964,2456.463729884982,25.07452799821701,,,,,
1964,2395.890365723798,21.990344486955088,,,,,
1964,2298.63783225134,17.03858616351019,,,,,
1964,2298.63783225134,17.03858616351019,,,,,
1964,2298.63783225134,17.03858616351019,,,,,
3973,2298.63783225134,42.14352297378958,,,,,
3973,2364.1012322598535,40.49581595117409,,,,,
5982,3332.9542521503445,44.28361330407314,,,,,
5982,3857.6074206860735,35.513082235271256,,,,,
7953,5650.318388101775,28.953622681984477,,,,,
7953,5920.208301943413,25.5600615875341,,,,,
5966,7083.244645466123,18.726862981329585,,,,,
3954,7452.94810023675,88.49135306617983,,,,,
3954,6045.604299414653,52.89843954007721,,,,,
3954,4088.997726614209,3.4142065405718034,,,,,
3954,3810.205818582872,3.6366763130280253,,,,,
3954,3857.6074206860735,2.437849755031019,,,,,
3954,3744.968665502122,5.286579021190645,,,,,
3954,3758.4425831695708,4.945812261771099,,,,,
3954,3803.2309528625638,3.813076558862829,,,,,
3954,3803.2309528625638,3.813076558862829,,,,,
1964,3803.2309528625638,93.6471971925949,,,,,
1964,3758.4425831695708,91.36673030394962,,,,,
1964,2832.8889592083406,44.24078203708455,,,,,
1964,2395.890365723798,21.990344486955088,,,,,
3974,2395.890365723798,39.71086145637147,,,,,
3974,2456.463729884982,38.18661978145491,,,,,
3974,3330.9184215969017,16.182223915528393,,,,,
3974,3796.7950468794597,4.459108030209871,,,,,
3974,3803.2309528625638,4.297157703508712,,,,,
3974,3803.2309528625638,4.297157703508712,,,,,
3974,3803.2309528625638,4.297157703508712,,,,,
5952,3758.4425831695708,36.85412326664028,,,,,
3971,3758.4425831695708,5.352742806104993,,,,,
1964,4940.230152455488,151.53921346514701,,,,,
1964,3828.136809582821,94.91531617020475,,,,,
1964,2832.8889592083406,44.24078203708455,,,,,
3961,2395.890365723798,39.51299253411265,,,,,
3961,2298.63783225134,41.96824457835546,,,,,
3961,3245.8024826188016,18.055983776349365,,,,,
3961,3803.2309528625638,3.9830610234141943,,,,,
5965,3803.2309528625638,36.240889306578985,,,,,
5965,3803.2309528625638,36.240889306578985,,,,,
5965,5069.03396713481,15.020386133532101,,,,,
3980,6123.315897742503,53.852158234736244,,,,,
2007,5920.208301943413,194.97799212473407,,,,,
3993,4088.997726614209,2.4041504286052873,,,,,
2006,2999.2798625511587,49.515446787196346,,,,,
2006,3935.557426122818,96.18930339595305,,,,,
3985,2999.2798625511587,24.735762545767663,,,,,
3985,2339.8133031538705,41.28448423704214,,,,,
2023,3935.557426122818,94.54065378758368,,,,,
19,3875.1556625709327,20295.556118794382,,,,,
19,2999.2798625511587,15685.683487111362,,,,,
19,2384.5913414288702,12450.480744362476,,,,,
19,2361.3848868038554,12328.341509493976,,,,,
19,2361.3848868038554,12328.341509493976,,,,,
19,2361.3848868038554,12328.341509493976,,,,,
19,2361.3848868038554,12328.341509493976,,,,,
19,2361.3848868038554,12328.341509493976,,,,,
2003,2367.106922585098,18.178079010738788,,,,,
2003,2364.1012322598535,18.02801958361725,,,,,
3987,3332.9542521503445,16.404458185343756,,,,,
5997,2256.2036286230464,62.37779508715947,,,,,
5997,3245.8024826188016,45.876230071389,,,,,
4018,4991.315364079719,24.223876657036314,,,,,
4018,6027.228510871935,50.00568717949068,,,,,
4018,3884.675908406962,3.318170522474808,,,,,
4018,3886.9757735562102,3.2609314694820744,,,,,
2033,3744.968665502122,84.20898502223915,,,,,
4023,4240.406085883932,5.404078694604326,,,,,
4023,2998.649197624029,25.462361480884187,,,,,
2038,3245.8024826188016,59.26410611475965,,,,,
2038,3935.0010277086644,93.0815028316322,,,,,
2038,2827.8441339987567,38.7558456329125,,,,,
4040,2456.463729884982,39.196442329579654,,,,,
4040,2456.463729884982,39.196442329579654,,,,,
2046,3330.9184215969017,62.801486881569005,,,,,
4052,3796.7950468794597,6.2982466219284365,,,,,
2046,2832.8889592083406,38.459870929048904,,,,,
56,3330.9184215969017,5848.068609994467,,,,,
56,2832.8889592083406,4958.730284300608,,,,,
2075,2480.140446304336,19.524840785751127,,,,,
2075,2395.890365723798,15.464595938496284,,,,,
2075,3330.9184215969017,60.52618899262177,,,,,
77,2395.890365723798,3011.545929511426,,,,,
2069,2456.463729884982,18.727101492749256,,,,,
4059,2480.140446304336,38.89774707306391,,,,,
4059,3330.9184215969017,17.937461897095304,,,,,
2068,3330.9184215969017,61.069556170062945,,,,,
67,3796.7950468794597,5566.858278924567,,,,,
2070,2832.8889592083406,36.854539092190365,,,,,
74,2480.140446304336,3251.541143654508,,,,,
2054,3330.9184215969017,62.16740124619774,,,,,
2054,2480.140446304336,20.746857171584026,,,,,
53,3330.9184215969017,6184.751738862079,,,,,
53,2395.890365723798,4420.547859856222,,,,,
53,2480.140446304336,4579.510276045917,,,,,
53,2395.890365723798,4420.547859856222,,,,,
2044,2395.890365723798,17.21577131721125,,,,,
51,2298.63783225134,4407.133004414392,,,,,
2065,3245.8024826188016,57.18171828662477,,,,,
2065,2246.7530480158775,8.80160038817809,,,,,
73,3245.8024826188016,4346.304770710687,,,,,
73,2456.463729884982,3265.018808061619,,,,,
73,2246.7530480158775,2977.743901391613,,,,,
2063,2298.63783225134,11.422095601131367,,,,,
47,2298.63783225134,4790.718792024128,,,,,
47,3245.8024826188016,6805.962728976174,,,,,
47,2246.7530480158775,4680.3256340763355,,,,,
47,2298.63783225134,4790.718792024128,,,,,
47,2298.63783225134,4790.718792024128,,,,,
2048,2298.63783225134,12.238175402897467,,,,,
31,2298.63783225134,7314.960749197871,,,,,
31,3332.9542521503445,10651.465329517241,,,,,
31,2371.5352387783078,7550.113673478412,,,,,
31,2256.2036286230464,7178.076221364665,,,,,
31,2456.463729884982,7824.076548016072,,,,,
31,2298.63783225134,7314.960749197871,,,,,
31,2298.63783225134,7314.960749197871,,,,,
31,2256.2036286230464,7178.076221364665,,,,,
31,2298.63783225134,7314.960749197871,,,,,
31,2364.1012322598535,7526.13300728985,,,,,
31,2364.1012322598535,7526.13300728985,,,,,
31,2364.1012322598535,7526.13300728985,,,,,
2027,2256.2036286230464,11.30752977913401,,,,,
28,2298.63783225134,8109.420829469072,,,,,
28,3245.8024826188016,11492.151723638577,,,,,
28,2246.7530480158775,7924.118028628133,,,,,
28,2298.63783225134,8109.420829469072,,,,,
28,2298.63783225134,8109.420829469072,,,,,
28,2298.63783225134,8109.420829469072,,,,,
2005,2364.1012322598535,17.910285898247057,,,,,
12,2364.1012322598535,19600.843602165445,,,,,
12,3332.9542521503445,27674.618767919535,,,,,
12,2371.5352387783078,19662.793656485897,,,,,
12,2364.1012322598535,19600.843602165445,,,,,
2016,2361.3848868038554,17.132186845429334,,,,,
2016,2367.106922585098,17.41601798537192,,,,,
2016,3332.9542521503445,65.32511171380678,,,,,
2016,2364.1012322598535,17.266926203365752,,,,,
2016,2256.2036286230464,11.914862530905078,,,,,
2016,2298.63783225134,14.019733742625998,,,,,
2016,2456.463729884982,21.848399299850303,,,,,
4006,2298.63783225134,42.62012400770494,,,,,
6020,2298.63783225134,61.81664730479501,,,,,
4015,3245.8024826188016,19.158095077987507,,,,,
4015,5690.653569095798,41.73483360138974,,,,,
4015,3762.1533899725678,6.2975494402847385,,,,,
4015,4240.406085883932,5.614099274817735,,,,,
2041,3935.0010277086644,92.79769856485372,,,,,
2041,3935.0010277086644,92.79769856485372,,,,,
34,2998.649197624029,8719.556463600085,,,,,
2033,2298.63783225134,13.066297700508613,,,,,
2033,2246.7530480158775,10.514168618587188,,,,,
45,3245.8024826188016,7112.894405819558,,,,,
45,2298.63783225134,5008.084071669645,,,,,
45,2246.7530480158775,4892.784551146395,,,,,
45,2456.463729884982,5358.808288633293,,,,,
45,2298.63783225134,5008.084071669645,,,,,
45,2298.63783225134,5008.084071669645,,,,,
45,2364.1012322598535,5153.558293910785,,,,,
45,2364.1012322598535,5153.558293910785,,,,,
45,2367.106922585098,5160.237605744662,,,,,
45,2256.2036286230464,4913.785841384548,,,,,
45,2298.63783225134,5008.084071669645,,,,,
45,2364.1012322598535,5153.558293910785,,,,,
2044,2361.3848868038554,15.527636340697423,,,,,
2044,2367.106922585098,15.807579382832579,,,,,
4025,3332.9542521503445,17.19368317638896,,,,,
2001,2364.1012322598535,18.145988618683333,,,,,
2001,3935.557426122818,96.67953154037072,,,,,
3994,2999.2798625511587,24.905361478438692,,,,,
3994,2395.2392853104066,40.02906145942898,,,,,
2006,3332.9542521503445,66.14926481307799,,,,,
2006,3857.6074206860735,92.30346065234663,,,,,
3994,2999.2798625511587,24.905361478438692,,,,,
3994,2339.8133031538705,41.41679261006834,,,,,
1995,3935.557426122818,97.27104892846205,,,,,
1995,3810.205818582872,90.98776032996851,,,,,
4005,2760.564605051352,31.072044817694085,,,,,
5997,2256.2036286230464,62.37779508715947,,,,,
7997,3245.8024826188016,59.41224856047517,,,,,
6025,5690.653569095798,5.549318355256464,,,,,
6025,7237.1789947825055,20.119153440373534,,,,,
6025,5804.456671208068,3.6604701874179626,,,,,
6025,6138.53801018087,1.8844483017571716,,,,,
6025,6108.083239028216,1.3789749216301372,,,,,
4060,6138.53801018087,51.19551749213964,,,,,
4060,6138.53801018087,51.19551749213964,,,,,
2061,3762.1533899725678,82.54019359401104,,,,,
2061,3886.9757735562102,88.5965926034066,,,,,
2061,2760.564605051352,33.942969677406694,,,,,
4053,2364.1012322598535,41.67033722526885,,,,,
6040,2339.8133031538705,61.26136915308161,,,,,
8019,3935.557426122818,50.92209220447914,,,,,
8019,5650.318388101775,29.538366528223285,,,,,
8019,7448.721513931201,7.111591047123069,,,,,
8019,7544.961309923481,5.911443946583351,,,,,
8019,7613.203024934382,5.0604436346878465,,,,,
6049,7452.734512294063,23.206059055944177,,,,,
6049,7618.192385354018,25.94135204751229,,,,,
6049,6144.413556849382,1.5773443023538118,,,,,
4046,6156.051381367223,52.15154180344101,,,,,
6062,6138.53801018087,1.2625867730265523,,,,,
6062,3762.1533899725678,37.93874315452709,,,,,
6062,5690.653569095798,6.125807174269251,,,,,
4058,6138.53801018087,51.27003475063749,,,,,
4058,6108.083239028216,50.5195475364272,,,,,
6048,3762.1533899725678,37.79508283775516,,,,,
4053,3886.9757735562102,4.096329297897601,,,,,
4053,5690.653569095798,40.40596025402907,,,,,
2054,3762.1533899725678,83.16228772992054,,,,,
48,4240.406085883932,8734.179345591525,,,,,
2031,2998.649197624029,47.6439782188099,,,,,
2031,2246.7530480158775,10.62299596336177,,,,,
2031,3245.8024826188016,59.813022285514606,,,,,
2031,2298.63783225134,13.17763822015461,,,,,
46,2298.63783225134,4897.038765763783,,,,,
46,2298.63783225134,4897.038765763783,,,,,
46,2371.5352387783078,5055.511388648495,,,,,
46,2364.1012322598535,5039.350504912725,,,,,
46,2367.106922585098,5045.884614315431,,,,,
46,2256.2036286230464,4804.790497006623,,,,,
46,2456.463729884982,5240.138543228222,,,,,
46,2298.63783225134,4897.038765763783,,,,,
2033,2456.463729884982,20.829499748400497,,,,,
2033,2456.463729884982,20.829499748400497,,,,,
2033,3330.9184215969017,63.84251950796368,,,,,
54,2395.890365723798,4336.834010599626,,,,,
54,2395.890365723798,4336.834010599626,,,,,
54,2480.140446304336,4492.852678341363,,,,,
54,2395.890365723798,4336.834010599626,,,,,
2062,2298.63783225134,11.476131534982546,,,,,
2062,2298.63783225134,11.476131534982546,,,,,
4058,3332.9542521503445,17.867071164358194,,,,,
4058,2364.1012322598535,41.7422071892594,,,,,
4058,3332.9542521503445,17.867071164358194,,,,,
6072,3857.6074206860735,36.468915996606164,,,,,
8067,3810.205818582872,52.76799530701782,,,,,
8067,5069.03396713481,37.163332501118006,,,,,
6075,7615.258597946643,25.35405099500647,,,,,
6075,7546.038603579961,24.214627219423228,,,,,
6075,6054.032009971905,0.3451520992279062,,,,,
6075,6029.468149343258,0.7494954840615947,,,,,
6075,6140.831943031528,1.083653383235025,,,,,
6075,6108.083239028216,0.5445800663080783,,,,,
6075,6138.53801018087,1.0458931717015574,,,,,
6075,6108.083239028216,0.5445800663080783,,,,,
6075,6019.411125109431,0.9150432080752108,,,,,
4068,6156.051381367223,51.32869669044305,,,,,
6050,6138.53801018087,1.463438184807762,,,,,
6050,3857.811271272551,36.23452444177602,,,,,
6050,5069.03396713481,16.214314592813057,,,,,
4068,6123.315897742503,50.52398962002219,,,,,
4068,6123.315897742503,50.52398962002219,,,,,
4068,3857.811271272551,5.1668812371545965,,,,,
6047,3744.968665502122,38.06898188354354,,,,,
4052,4240.406085883932,4.649705969494868,,,,,
6059,6121.15899952411,1.0258953544167384,,,,,
8063,3930.9068216136416,51.24758995890312,,,,,
8063,6121.15899952411,24.08335607684348,,,,,
6065,7615.973476846858,25.572522289313405,,,,,
8069,7618.192385354018,5.58690810070618,,,,,
8069,6144.413556849382,23.851610399685438,,,,,
8069,7602.4331880361515,5.782213557613688,,,,,
8069,7452.734512294063,7.637445627784567,,,,,
6078,7452.734512294063,22.6182052039168,,,,,
8056,7501.294846545671,6.885615112392364,,,,,
8056,6144.413556849382,23.72872943334928,,,,,
8056,7615.973476846858,5.462096861384584,,,,,
8056,7452.734512294063,7.488399797740029,,,,,
8056,7501.294846545671,6.885615112392364,,,,,
8056,7618.192385354018,5.434553309905432,,,,,
8056,7618.192385354018,5.434553309905432,,,,,
8056,7546.038603579961,6.330206013158378,,,,,
8056,7544.961309923481,6.34357857592501,,,,,
8056,7546.038603579961,6.330206013158378,,,,,
8056,7544.961309923481,6.34357857592501,,,,,
6073,7613.203024934382,25.361485673215572,,,,,
6073,7618.192385354018,25.443642110225888,,,,,
6073,6214.548088064736,2.330777014074355,,,,,
8065,6123.315897742503,24.075438341692465,,,,,
8065,6108.083239028216,24.264311977331484,,,,,
8065,7602.4331880361515,5.735484339291364,,,,,
8065,7452.734512294063,7.591636549360653,,,,,
8065,7618.192385354018,5.540082016689171,,,,,
8065,7618.192385354018,5.540082016689171,,,,,
8065,7618.192385354018,5.540082016689171,,,,,
6080,7613.203024934382,25.21715501536812,,,,,
8085,7618.192385354018,5.7737490988989695,,,,,
8085,6214.548088064736,23.134841211320527,,,,,
8085,7615.258597946643,5.81003589429013,,,,,
8085,7546.038603579961,6.666189195053048,,,,,
8085,7445.0140908055,7.915719346870747,,,,,
6097,7544.961309923481,23.748750367778925,,,,,
4111,7546.038603579961,83.55725136414402,,,,,
4111,6054.032009971905,47.264218194402936,,,,,
2144,3836.598579264908,78.94582925675877,,,,,
2144,3875.1556625709327,80.7442006796144,,,,,
158,2999.2798625511587,1798.2783940197205,,,,,
158,2395.2392853104066,1415.974231209118,,,,,
2129,2371.5352387783078,11.391979275636814,,,,,
2129,2256.2036286230464,5.974806417240318,,,,,
2129,3245.8024826188016,52.456668981625256,,,,,
2129,2298.63783225134,7.967958302082673,,,,,
2129,2456.463729884982,15.38110520831292,,,,,
161,2456.463729884982,1425.7538694937778,,,,,
161,2395.890365723798,1388.1306619402471,,,,,
161,2480.140446304336,1440.4599045368545,,,,,
161,2395.890365723798,1388.1306619402471,,,,,
2150,2298.63783225134,6.913387546573959,,,,,
2150,2456.463729884982,14.254126971394514,,,,,
2150,3330.9184215969017,54.926438213809384,,,,,
2150,2395.890365723798,11.436761196455716,,,,,
172,2456.463729884982,1328.1765871424313,,,,,
172,2395.890365723798,1292.9595149556965,,,,,
172,2480.140446304336,1341.9421199443814,,,,,
172,2395.890365723798,1292.9595149556965,,,,,
172,2395.890365723798,1292.9595149556965,,,,,
172,2395.890365723798,1292.9595149556965,,,,,
2182,2395.890365723798,9.802491554711178,,,,,
2182,2298.63783225134,5.345455190253901,,,,,
2182,3245.8024826188016,48.753550990779175,,,,,
2182,2298.63783225134,5.345455190253901,,,,,
2182,2298.63783225134,5.345455190253901,,,,,
2182,2298.63783225134,5.345455190253901,,,,,
2182,2298.63783225134,5.345455190253901,,,,,
2182,2364.1012322598535,8.345611010992371,,,,,
2182,2256.2036286230464,3.400716252201942,,,,,
2182,2456.463729884982,12.578539408111004,,,,,
2182,2298.63783225134,5.345455190253901,,,,,
2182,2298.63783225134,5.345455190253901,,,,,
2182,2364.1012322598535,8.345611010992371,,,,,
4198,2364.1012322598535,43.68505878371002,,,,,
4198,2364.1012322598535,43.68505878371002,,,,,
6193,3332.9542521503445,46.18191099385848,,,,,
8182,3857.6074206860735,52.85251258022397,,,,,
8182,5650.318388101775,30.942087654585983,,,,,
8182,7448.721513931201,8.962093449875322,,,,,
8182,7544.961309923481,7.785855415259335,,,,,
8182,7546.038603579961,7.772688785383022,,,,,
8182,7544.961309923481,7.785855415259335,,,,,
6205,7546.038603579961,21.612225682191156,,,,,
8200,7613.203024934382,7.1560606715319315,,,,,
8200,6144.413556849382,25.06812735549534,,,,,
8200,7602.4331880361515,7.287400145900591,,,,,
8200,7618.192385354018,7.095214812755874,,,,,
8200,7618.192385354018,7.095214812755874,,,,,
8200,7546.038603579961,7.975138980732181,,,,,
8200,7546.038603579961,7.975138980732181,,,,,
8200,7613.203024934382,7.1560606715319315,,,,,
6197,7618.192385354018,22.933554709601715,,,,,
6197,7546.038603579961,21.76922064837762,,,,,
6197,6214.548088064736,0.28317069654244903,,,,,
8185,6123.315897742503,25.18856569648744,,,,,
8185,6029.468149343258,26.335147839422625,,,,,
6198,7448.721513931201,20.17943713990321,,,,,
8194,7445.0140908055,9.140662792219917,,,,,
8194,6054.032009971905,26.11628008333043,,,,,
8194,7448.721513931201,9.095417208552586,,,,,
8194,7544.961309923481,7.9209017583172905,,,,,
8194,7613.203024934382,7.088076337144476,,,,,
8194,7618.192385354018,7.027185924407879,,,,,
6193,7613.203024934382,22.93239181227808,,,,,
6193,7452.734512294063,20.34126452921142,,,,,
6193,6144.413556849382,0.784538077678313,,,,,
8192,6022.850281150386,26.478878403925954,,,,,
8192,6053.135761549812,26.109182598268898,,,,,
6191,7615.973476846858,23.01685473827908,,,,,
8185,7452.734512294063,8.946432348270454,,,,,
6204,6040.604719564877,2.6337085821264172,,,,,
6204,7438.357347891135,19.896153254209135,,,,,
4200,6040.604719564877,43.823921894401835,,,,,
4200,6053.135761549812,44.12228003690028,,,,,
2192,3828.136809582821,74.64127780943527,,,,,
2192,3796.7950468794597,73.2114528685885,,,,,
202,2832.8889592083406,1302.420276835812,,,,,
202,2395.890365723798,1086.0843394672268,,,,,
2197,2480.140446304336,12.887594278759032,,,,,
2197,2395.890365723798,9.052815918242963,,,,,
2197,3245.8024826188016,47.73793730627226,,,,,
4195,2298.63783225134,45.2052960130789,,,,,
6194,2298.63783225134,62.88928265658152,,,,,
6194,3245.8024826188016,47.59763508849206,,,,,
4197,5690.653569095798,35.588600645599186,,,,,
6209,6138.53801018087,1.1348363636516412,,,,,
6209,3762.1533899725678,39.40806265143231,,,,,
6209,5690.653569095798,8.348307793593204,,,,,
6209,6138.53801018087,1.1348363636516412,,,,,
4227,6123.315897742503,44.86198007434357,,,,,
4227,6123.315897742503,44.86198007434357,,,,,
2259,3836.598579264908,69.83614782049172,,,,,
2259,3875.1556625709327,71.54296868397223,,,,,
2259,2999.2798625511587,32.770246239537784,,,,,
2259,2395.2392853104066,6.030955525029064,,,,,
2259,2364.1012322598535,4.652555655593339,,,,,
263,2256.2036286230464,757.8721021380405,,,,,
263,2298.63783225134,774.0067803237035,,,,,
263,2371.5352387783078,801.7244253909915,,,,,
2217,2364.1012322598535,6.635148049609993,,,,,
253,2361.3848868038554,833.3537101991523,,,,,
253,3252.8991478213393,1185.7308884669326,,,,,
253,2384.5913414288702,842.5262219086443,,,,,
2265,2367.106922585098,4.508031902211827,,,,,
2265,2256.2036286230464,0.38836076719442075,,,,,
4253,3245.8024826188016,23.68204837482244,,,,,
6274,2298.63783225134,63.36248275021772,,,,,
4285,3332.9542521503445,22.218103800458707,,,,,
4285,5069.03396713481,18.297175429050412,,,,,
6285,3857.811271272551,38.618754633690514,,,,,
6285,3857.6074206860735,38.62199807977608,,,,,
6285,5069.03396713481,19.347112694752425,,,,,
6285,6108.083239028216,2.814904709177156,,,,,
6285,6138.53801018087,2.3303419223409767,,,,,
6285,6123.315897742503,2.5725394153937504,,,,,
6285,6140.831943031528,2.2938433885198446,,,,,
6285,6123.315897742503,2.5725394153937504,,,,,
8296,6029.468149343258,27.32077929914106,,,,,
8296,6140.831943031528,25.97839991524195,,,,,
6287,7615.258597946643,21.127065340331523,,,,,
4297,7613.203024934382,77.17484349393487,,,,,
4297,6144.413556849382,42.993101160097325,,,,,
2295,3762.1533899725678,63.9282522863864,,,,,
4300,3886.9757735562102,9.605214568460227,,,,,
6310,2760.564605051352,56.25095713072342,,,,,
6310,3332.9542521503445,47.17980582963004,,,,,
6310,5069.03396713481,19.66665662226925,,,,,
8311,6108.083239028216,26.506037311656648,,,,,
6308,6019.411125109431,4.5749663108841006,,,,,
6308,7615.973476846858,20.73515340594258,,,,,
8321,6144.413556849382,26.157750788975097,,,,,
8321,6156.051381367223,26.017889900646278,,,,,
8321,7615.973476846858,8.472858107837304,,,,,
6346,7618.192385354018,20.047153882036216,,,,,
6346,7452.734512294063,17.439875705862956,,,,,
8383,6040.604719564877,27.94220780669358,,,,,
8383,6053.135761549812,27.792726213171754,,,,,
8383,7615.973476846858,9.149785555924396,,,,,
8383,7452.734512294063,11.0970474496712,,,,,
8383,7501.294846545671,10.5177758971052,,,,,
8383,7501.294846545671,10.5177758971052,,,,,
8383,7452.734512294063,11.0970474496712,,,,,
6373,7501.294846545671,17.704296980161168,,,,,
6373,7501.294846545671,17.704296980161168,,,,,
6373,6040.604719564877,5.215679906403937,,,,,
6373,6053.135761549812,5.01905285501629,,,,,
6373,6053.135761549812,5.01905285501629,,,,,
6373,6053.135761549812,5.01905285501629,,,,,
8368,6156.051381367223,26.433420394751156,,,,,
8368,6019.411125109431,28.066310646397813,,,,,
8368,7615.973476846858,8.986932638063362,,,,,
6364,7452.734512294063,17.10770760990043,,,,,
8371,7501.294846545671,10.389501295595853,,,,,
8371,6144.413556849382,26.59881069347292,,,,,
8371,7615.973476846858,9.019549912234405,,,,,
6364,7618.192385354018,19.707611334915438,,,,,
6364,7618.192385354018,19.707611334915438,,,,,
4381,6144.413556849382,40.25139367380466,,,,,
4381,6156.051381367223,40.51703678080856,,,,,
6358,3930.9068216136416,38.17384678179236,,,,,
6358,3768.8341954628536,40.722960121691514,,,,,
4349,4940.230152455488,13.594622958277483,,,,,
4349,6053.135761549812,39.18454268911961,,,,,
2350,3828.136809582821,62.89943870565197,,,,,
2350,3796.7950468794597,61.56574667572169,,,,,
2350,2998.649197624029,27.60209351591613,,,,,
2350,2298.63783225134,2.1856241595174417,,,,,
2350,2298.63783225134,2.1856241595174417,,,,,
2350,2298.63783225134,2.1856241595174417,,,,,
336,2298.63783225134,584.1184024557559,,,,,
336,2298.63783225134,584.1184024557559,,,,,
2345,2246.7530480158775,4.189635479067056,,,,,
2345,2298.63783225134,1.977064722757351,,,,,
355,3245.8024826188016,814.3105584841695,,,,,
355,2298.63783225134,547.5036147186873,,,,,
355,2246.7530480158775,532.8881825396838,,,,,
355,2456.463729884982,591.9616140521076,,,,,
2377,2298.63783225134,3.2966835401203145,,,,,
2377,2298.63783225134,3.2966835401203145,,,,,
4371,3332.9542521503445,23.74847284030326,,,,,
2364,2256.2036286230464,4.55991418684237,,,,,
2364,3245.8024826188016,37.301289450879935,,,,,
346,2827.8441339987567,717.2959924851898,,,,,
346,2456.463729884982,609.9606155736942,,,,,
2342,2246.7530480158775,4.066906574898482,,,,,
4332,2298.63783225134,46.9381848510771,,,,,
4332,3245.8024826188016,25.07381157389655,,,,,
4332,3245.8024826188016,25.07381157389655,,,,,
6334,3886.9757735562102,38.63315797985143,,,,,
6334,4240.406085883932,33.05326672112516,,,,,
6334,6121.15899952411,3.3602936608129115,,,,,
6334,6156.051381367223,2.8094193026961913,,,,,
6334,6019.411125109431,4.966669954066452,,,,,
8341,6156.051381367223,26.19528376253179,,,,,
8341,6156.051381367223,26.19528376253179,,,,,
8341,7602.4331880361515,8.854655460542483,,,,,
8341,7618.192385354018,8.665718914350578,,,,,
8341,7618.192385354018,8.665718914350578,,,,,
6373,7618.192385354018,19.538559318280534,,,,,
6373,7618.192385354018,19.538559318280534,,,,,
8361,6214.548088064736,25.672191268212707,,,,,
8361,6123.315897742503,26.763354888858952,,,,,
8361,7615.258597946643,8.919284799107247,,,,,
8361,7546.038603579961,9.747176132281293,,,,,
8361,7544.961309923481,9.760060878800608,,,,,
6374,7546.038603579961,18.387803633196754,,,,,
6374,7544.961309923481,18.370902257977427,,,,,
6374,6214.548088064736,2.501598869395426,,,,,
4378,6123.315897742503,39.865598395214775,,,,,
2378,6108.083239028216,156.8579999591344,,,,,
2378,3762.1533899725678,58.206618585894354,,,,,
4377,2827.8441339987567,35.39309723557787,,,,,
4377,2298.63783225134,47.48371413636418,,,,,
2415,3332.9542521503445,38.01052803935174,,,,,
2415,3857.6074206860735,59.73529692281878,,,,,
4410,2760.564605051352,37.402163150762995,,,,,
4410,2256.2036286230464,48.83891998587197,,,,,
6387,3245.8024826188016,49.18111033945825,,,,,
6387,4240.406085883932,33.60879777855124,,,,,
6387,6121.15899952411,4.162220142099417,,,,,
6387,6022.850281150386,5.701420367145986,,,,,
6387,6053.135761549812,5.227246570380275,,,,,
8384,6156.051381367223,26.573814630639035,,,,,
8384,6156.051381367223,26.573814630639035,,,,,
6405,7602.4331880361515,18.695287869416884,,,,,
6405,7618.192385354018,18.941333104668516,,,,,
8382,6144.413556849382,26.695137713560225,,,,,
8382,6138.53801018087,26.76523490597865,,,,,
8382,7615.258597946643,9.147475567327094,,,,,
6380,7546.038603579961,18.27646714075174,,,,,
6380,7613.203024934382,19.329201017780274,,,,,
4382,6144.413556849382,40.219387422395755,,,,,
4382,6138.53801018087,40.085303746710856,,,,,
4382,3857.811271272551,11.962316949508192,,,,,
2377,3744.968665502122,57.550217311826756,,,,,
380,3886.9757735562102,922.8883614621607,,,,,
380,2827.8441339987567,644.1695089470412,,,,,
2397,2246.7530480158775,6.268124822032643,,,,,
2397,2456.463729884982,2.4807563573209035,,,,,
2397,3245.8024826188016,35.411033901493596,,,,,
2397,2298.63783225134,4.103553097566119,,,,,
4389,2298.63783225134,47.627299333530644,,,,,
2390,2456.463729884982,2.7809092002084546,,,,,
2390,3245.8024826188016,35.8076352560168,,,,,
2390,2998.649197624029,25.466493624436364,,,,,
396,2456.463729884982,520.3191237083288,,,,,
396,2395.890365723798,505.0228196272217,,,,,
396,2480.140446304336,526.298092501095,,,,,
396,2395.890365723798,505.0228196272217,,,,,
396,2298.63783225134,480.4640990533687,,,,,
396,2298.63783225134,480.4640990533687,,,,,
396,2456.463729884982,520.3191237083288,,,,,
396,2298.63783225134,480.4640990533687,,,,,
396,2298.63783225134,480.4640990533687,,,,,
396,2456.463729884982,520.3191237083288,,,,,
396,2298.63783225134,480.4640990533687,,,,,
396,2456.463729884982,520.3191237083288,,,,,
396,2395.890365723798,505.0228196272217,,,,,
396,2395.890365723798,505.0228196272217,,,,,
396,2395.890365723798,505.0228196272217,,,,,
396,2395.890365723798,505.0228196272217,,,,,
396,2298.63783225134,480.4640990533687,,,,,
396,2298.63783225134,480.4640990533687,,,,,
396,2298.63783225134,480.4640990533687,,,,,
396,2298.63783225134,480.4640990533687,,,,,
2400,2456.463729884982,2.3526554118742524,,,,,
2400,2298.63783225134,4.223423656194162,,,,,
2400,3245.8024826188016,35.24177010911673,,,,,
2400,2298.63783225134,4.223423656194162,,,,,
2400,2456.463729884982,2.3526554118742524,,,,,
386,2456.463729884982,536.3895673277156,,,,,
386,2395.890365723798,520.6969859388078,,,,,
386,2480.140446304336,542.5234316850612,,,,,
2397,2395.890365723798,0.04629262729253595,,,,,
414,2395.890365723798,478.7174796434295,,,,,
2419,3330.9184215969017,37.69815715572144,,,,,
4399,2480.140446304336,43.62035811992872,,,,,
2408,3330.9184215969017,38.32717697661552,,,,,
4409,3330.9184215969017,24.451838929532734,,,,,
6405,2832.8889592083406,55.770664180978294,,,,,
6405,3330.9184215969017,47.99502854649646,,,,,
8375,4940.230152455488,41.01217728411358,,,,,
8375,6053.135761549812,27.72375210089777,,,,,
8375,7438.357347891135,11.183792861001375,,,,,
8375,7501.294846545671,10.432300339753182,,,,,
8375,7618.192385354018,9.03650883159381,,,,,
8375,7618.192385354018,9.03650883159381,,,,,
6377,7618.192385354018,19.463578255512285,,,,,
8372,7618.192385354018,9.003913218418319,,,,,
6388,6144.413556849382,3.8131879015437997,,,,,
8389,7602.4331880361515,9.376168935079848,,,,,
8389,6144.413556849382,26.75630519907758,,,,,
8389,7602.4331880361515,9.376168935079848,,,,,
8389,7618.192385354018,9.18831344195949,,,,,
8389,7613.203024934382,9.247788473782553,,,,,
8389,7618.192385354018,9.18831344195949,,,,,
8389,7546.038603579961,10.048413355823566,,,,,
8389,7546.038603579961,10.048413355823566,,,,,
6365,7546.038603579961,18.55520194155477,,,,,
4357,7546.038603579961,73.1934497034648,,,,,
6339,6054.032009971905,4.495472314688363,,,,,
8355,3836.598579264908,54.08020850670368,,,,,
8355,5650.318388101775,32.37201211128935,,,,,
6369,7448.721513931201,16.95276360388132,,,,,
8359,7544.961309923481,9.738469793952852,,,,,
8359,6214.548088064736,25.65440736852811,,,,,
8359,7615.258597946643,8.897492547593695,,,,,
6363,7546.038603579961,18.59246587427253,,,,,
6363,7546.038603579961,18.59246587427253,,,,,
6363,6054.032009971905,4.8556968415542245,,,,,
6363,6029.468149343258,5.241738969931509,,,,,
4382,6140.831943031528,40.13765273919507,,,,,
4382,6108.083239028216,39.39030668708845,,,,,
4382,3762.1533899725678,14.145290050831408,,,,,
4382,3886.9757735562102,11.296764638151295,,,,,
6387,3886.9757735562102,39.14238651078424,,,,,
8357,3857.6074206860735,53.83980590300258,,,,,
8357,5650.318388101775,32.388196863685835,,,,,
8357,7448.721513931201,10.868475362795248,,,,,
6380,7544.961309923481,18.259581660242652,,,,,
6380,7546.038603579961,18.27646714075174,,,,,
4390,6214.548088064736,41.561459864800355,,,,,
4390,6123.315897742503,39.48327785290439,,,,,
4390,3836.598579264908,12.605954914238998,,,,,
2422,3875.1556625709327,59.99816938773462,,,,,
2422,3810.205818582872,57.316507786245744,,,,,
4428,2760.564605051352,37.656625902182654,,,,,
6433,2364.1012322598535,63.25040832799854,,,,,
6433,3332.9542521503445,48.18973648141856,,,,,
6433,5069.03396713481,21.202643134854497,,,,,
8441,6108.083239028216,27.637919215398465,,,,,
8441,6138.53801018087,27.277123442946692,,,,,
8441,7602.4331880361515,9.934448666791239,,,,,
8441,7618.192385354018,9.747750440066124,,,,,
8441,7546.038603579961,10.602551787940278,,,,,
8441,7544.961309923481,10.615314418629533,,,,,
6436,7613.203024934382,18.290910890838745,,,,,
8443,7618.192385354018,9.769129629823304,,,,,
8443,6144.413556849382,27.224759483010992,,,,,
8443,7602.4331880361515,9.955783630982454,,,,,
8443,7618.192385354018,9.769129629823304,,,,,
6440,7618.192385354018,18.294912816056186,,,,,
6440,7618.192385354018,18.294912816056186,,,,,
8417,6214.548088064736,26.166709183025596,,,,,
6425,6108.083239028216,4.932556591000533,,,,,
6425,7602.4331880361515,18.325808374103524,,,,,
6425,6144.413556849382,4.367104173550473,,,,,
6425,6019.411125109431,6.312667313471892,,,,,
6425,6022.850281150386,6.259139592990104,,,,,
4444,6053.135761549812,36.20917555242601,,,,,
4444,6053.135761549812,36.20917555242601,,,,,
2426,3930.9068216136416,62.032432877726364,,,,,
2426,3935.0010277086644,62.20119652550142,,,,,
2426,2998.649197624029,23.604666019127333,,,,,
2426,2456.463729884982,1.2557184618706536,,,,,
2426,2395.890365723798,1.24112260000833,,,,,
2426,2395.890365723798,1.24112260000833,,,,,
2426,2298.63783225134,5.249883254272873,,,,,
424,2298.63783225134,442.13156421022177,,,,,
424,2298.63783225134,442.13156421022177,,,,,
2418,2246.7530480158775,7.082173365761888,,,,,
2418,2298.63783225134,4.9364006513093415,,,,,
4395,3245.8024826188016,26.1478388482639,,,,,
2373,2298.63783225134,3.133677528388533,,,,,
398,3245.8024826188016,715.528261964523,,,,,
398,2998.649197624029,653.4294466392032,,,,,
2403,2246.7530480158775,6.502161963550663,,,,,
419,2456.463729884982,486.26819328997186,,,,,
2420,3330.9184215969017,37.64125709078106,,,,,
4422,2480.140446304336,43.91360365661836,,,,,
4422,3330.9184215969017,24.673938905542702,,,,,
6427,3330.9184215969017,48.17304463051343,,,,,
8449,3796.7950468794597,55.06219615481761,,,,,
6429,4940.230152455488,23.157098266363544,,,,,
6429,7438.357347891135,15.700067629353473,,,,,
6429,6040.604719564877,6.041301608883542,,,,,
8404,6053.135761549812,27.97315847751295,,,,,
6416,6156.051381367223,4.051568245523328,,,,,
6416,7615.973476846858,18.70282850447098,,,,,
6416,6144.413556849382,4.232955784766489,,,,,
6416,6156.051381367223,4.051568245523328,,,,,
8428,6138.53801018087,27.16495004531479,,,,,
8428,6123.315897742503,27.345563624317716,,,,,
8428,7448.721513931201,11.619346061566196,,,,,
8428,7445.0140908055,11.663335419963218,,,,,
8428,7544.961309923481,10.477440556199797,,,,,
8428,7546.038603579961,10.464658239440423,,,,,
6465,7546.038603579961,16.721401447485864,,,,,
6465,7445.0140908055,15.158763972242847,,,,,
8464,6054.032009971905,28.473156781995456,,,,,
8464,6140.831943031528,27.44763772410766,,,,,
8464,7615.258597946643,10.02766306773815,,,,,
8464,7613.203024934382,10.051949138298895,,,,,
8464,7618.192385354018,9.99300111821812,,,,,
8464,7618.192385354018,9.99300111821812,,,,,
8464,7618.192385354018,9.99300111821812,,,,,
8464,7618.192385354018,9.99300111821812,,,,,
6471,7618.192385354018,17.728208705826276,,,,,
6471,7618.192385354018,17.728208705826276,,,,,
4495,6214.548088064736,38.25468494026108,,,,,
4495,6123.315897742503,36.22504778070084,,,,,
4495,3836.598579264908,14.647417591436973,,,,,
4495,3810.205818582872,15.234575782361027,,,,,
2502,3857.6074206860735,54.18095206579031,,,,,
4499,3857.6074206860735,14.256336503977026,,,,,
4499,2760.564605051352,38.64048443984548,,,,,
4499,5069.03396713481,12.670237100129143,,,,,
4499,3857.6074206860735,14.256336503977026,,,,,
4499,3857.6074206860735,14.256336503977026,,,,,
4499,3810.205818582872,15.309939573619207,,,,,
4499,3744.968665502122,16.759976316912162,,,,,
6476,3886.9757735562102,39.97875581290596,,,,,
6476,3886.9757735562102,39.97875581290596,,,,,
8468,5690.653569095798,32.79813924072038,,,,,
8468,6138.53801018087,27.508998462672775,,,,,
6481,7615.258597946643,17.501289892711664,,,,,
6481,7546.038603579961,16.433244924856673,,,,,
6481,6214.548088064736,4.111277764778035,,,,,
4489,6123.315897742503,36.4071262584652,,,,,
6484,6029.468149343258,7.010053218025014,,,,,
6484,3836.598579264908,40.82975664304583,,,,,
6484,5650.318388101775,12.857520232853565,,,,,
6484,6029.468149343258,7.010053218025014,,,,,
6484,6140.831943031528,5.292536350531651,,,,,
